owner,repo,project,issue_number,title,created_at,closed_at,fix_time_days,comments,labels,html_url,closed_event_created_at,commit_id,commit_message,commit_date,total_changes,additions,deletions,changed_files,linked_to_commit,closure_type
pallets,flask,pallets/flask,4355,Async/await， read file error: greenlet.error: cannot switch to a different thread,2021-11-26 08:54:57+00:00,2021-12-23 00:36:53+00:00,26.654120370370368,4,bug,https://github.com/pallets/flask/issues/4355,2021-12-23 00:36:53+00:00,,,,,,,,False,manual_or_unknown
pallets,flask,pallets/flask,4297,Blueprint.errorhandler restricts type of result function which avoids chaining,2021-10-07 12:03:29+00:00,2022-03-15 15:37:17+00:00,159.14847222222224,6,bug;typing,https://github.com/pallets/flask/issues/4297,2022-03-15 15:37:18+00:00,,,,,,,,False,manual_or_unknown
pallets,flask,pallets/flask,4295,error handler type check fails,2021-10-06 21:01:05+00:00,2021-11-15 21:37:50+00:00,40.02552083333333,6,bug,https://github.com/pallets/flask/issues/4295,2021-11-15 21:37:50+00:00,,,,,,,,False,manual_or_unknown
pallets,flask,pallets/flask,4037,The Blueprint(url_prefix) parameter is not working when using nesting blueprint,2021-05-13 10:32:50+00:00,2021-05-13 22:27:48+00:00,0.4965046296296296,0,bug;blueprints,https://github.com/pallets/flask/issues/4037,2021-05-13 22:27:48+00:00,,,,,,,,False,manual_or_unknown
pallets,flask,pallets/flask,3776,request.endpoint always None in SessionInterface.open_session,2020-10-03 11:42:30+00:00,2021-02-02 04:45:03+00:00,121.71010416666668,2,bug,https://github.com/pallets/flask/issues/3776,2021-02-02 04:45:03+00:00,,,,,,,,False,manual_or_unknown
pallets,flask,pallets/flask,3523,Flask dev server not working with Python 3.6 on Anaconda,2020-03-02 10:46:21+00:00,2020-04-03 12:42:51+00:00,32.08090277777778,6,bug;cli,https://github.com/pallets/flask/issues/3523,2020-04-03 12:42:51+00:00,,,,,,,,False,manual_or_unknown
pallets,flask,pallets/flask,3320,Version tag mismatch in link to example projects from docs,2019-08-01 00:14:39+00:00,2019-08-01 19:56:41+00:00,0.8208564814814815,2,docs;bug,https://github.com/pallets/flask/issues/3320,2019-08-01 19:56:41+00:00,,,,,,,,False,manual_or_unknown
pallets,flask,pallets/flask,3297,If arguments are re-written before flask is loaded it sees the original arguments on windows python 2.7,2019-07-10 05:55:01+00:00,2019-07-10 19:42:59+00:00,0.5749768518518519,2,bug;cli,https://github.com/pallets/flask/issues/3297,2019-07-10 19:42:59+00:00,,,,,,,,False,manual_or_unknown
pallets,flask,pallets/flask,2743,Documentation search broken,2018-04-29 10:57:08+00:00,2018-04-30 00:55:44+00:00,0.5823611111111111,2,bug,https://github.com/pallets/flask/issues/2743,2018-04-30 00:55:44+00:00,,,,,,,,False,manual_or_unknown
pallets,flask,pallets/flask,2735,flask.abort() behavioral change in debug mode,2018-04-27 15:44:05+00:00,2018-04-28 14:01:55+00:00,0.929050925925926,4,bug,https://github.com/pallets/flask/issues/2735,2018-04-28 14:01:55+00:00,,,,,,,,False,manual_or_unknown
pallets,flask,pallets/flask,2731,Flask 1.0 backwards-incompat with double-slash/no-slash re. #2629,2018-04-27 13:12:55+00:00,2018-04-27 19:47:01+00:00,0.2736805555555555,1,bug;blueprints,https://github.com/pallets/flask/issues/2731,2018-04-27 19:47:01+00:00,,,,,,,,False,manual_or_unknown
pallets,flask,pallets/flask,2728,Wrong wheel for Flask 0.12.3 in PyPI,2018-04-27 09:34:05+00:00,2018-04-30 01:27:34+00:00,2.662141203703704,10,bug;packaging,https://github.com/pallets/flask/issues/2728,2018-04-30 01:27:34+00:00,,,,,,,,False,manual_or_unknown
pallets,flask,pallets/flask,2651,get_json's silent option cache None and causes weird side-effect,2018-03-05 20:09:06+00:00,2018-04-09 10:00:42+00:00,34.5775,7,bug;json,https://github.com/pallets/flask/issues/2651,2018-04-09 10:00:42+00:00,,,,,,,,False,manual_or_unknown
pallets,flask,pallets/flask,2549,"""Request.is_xhr deprecated"" warning during jsonify()",2017-12-11 17:54:11+00:00,2017-12-11 18:17:42+00:00,0.0163310185185185,11,bug,https://github.com/pallets/flask/issues/2549,2017-12-11 18:17:42+00:00,,,,,,,,False,manual_or_unknown
pallets,flask,pallets/flask,2526,Invalid range with send_file() and xsendfile causes ValueError,2017-11-23 09:13:39+00:00,2017-11-24 23:44:49+00:00,1.604976851851852,0,bug,https://github.com/pallets/flask/issues/2526,2017-11-24 23:44:49+00:00,c52e1b7388c17466a551391cdf81964bf0b7aef0,"Fix ValueError for some invalid Range requests

fixes #2526",2017-11-23T09:32:13Z,32.0,30.0,2.0,3.0,True,commit_linked
pallets,flask,pallets/flask,2267,Flask error handler caching leads to inconsistent behavior,2017-05-02 01:20:27+00:00,2017-06-05 13:34:49+00:00,34.50997685185185,1,bug,https://github.com/pallets/flask/issues/2267,2017-06-05 13:34:50+00:00,,,,,,,,False,manual_or_unknown
pallets,flask,pallets/flask,2118,config.from_pyfile crashes on Python 3 when source isn't encoded in default encoding,2016-12-20 03:01:50+00:00,2016-12-26 02:51:24+00:00,5.99275462962963,24,bug,https://github.com/pallets/flask/issues/2118,2016-12-26 02:51:24+00:00,789715adb9949f58b7b0272bed1a58d7cd0fad30,"Fix config.from_pyfile on Python 3 (#2123)

* Fix config.from_pyfile on Python 3

Fix #2118

* Support Python 2.6

* Fix tests on Python 2",2016-12-26T02:50:47Z,27.0,24.0,3.0,3.0,True,commit_linked
pallets,flask,pallets/flask,2033,failing test for safe_join in windows,2016-09-21 09:41:07+00:00,2017-05-16 00:11:35+00:00,236.60449074074077,0,bug;testing,https://github.com/pallets/flask/issues/2033,2017-05-16 00:11:35+00:00,,,,,,,,False,manual_or_unknown
pallets,flask,pallets/flask,2007,Prevent setting `SERVER_NAME` and `SESSION_COOKIE_DOMAIN` to an IP address,2016-09-06 12:39:36+00:00,2017-05-14 05:13:57+00:00,249.69052083333332,13,discussion;bug,https://github.com/pallets/flask/issues/2007,2017-05-14 05:13:57+00:00,c3d49e29ea42d2f468bc780c15683ca197b50d02,"show warning if session cookie domain is ip
closes #2007",2016-12-04T18:29:11Z,26.0,25.0,1.0,2.0,True,commit_linked
pallets,flask,pallets/flask,1995,No response and No exception traceback when render_template failed and DEBUG=True,2016-08-27 06:14:30+00:00,2017-05-29 19:50:13+00:00,275.5664699074074,22,blocker;bug,https://github.com/pallets/flask/issues/1995,2017-05-29 19:50:13+00:00,,,,,,,,False,manual_or_unknown
pallets,flask,pallets/flask,1980,"""Larger Applications"" docs don't play nicely with flask run",2016-08-09 17:51:00+00:00,2016-09-11 16:05:28+00:00,32.92671296296296,7,docs;bug,https://github.com/pallets/flask/issues/1980,2016-09-11 16:05:28+00:00,,,,,,,,False,manual_or_unknown
pallets,flask,pallets/flask,1911,Wrong import json library,2016-06-14 09:02:06+00:00,2017-05-22 19:37:58+00:00,342.441574074074,24,bug;good first issue;json,https://github.com/pallets/flask/issues/1911,2017-05-22 19:37:58+00:00,,,,,,,,False,manual_or_unknown
pallets,flask,pallets/flask,1902,Import error with some examples,2016-06-09 20:35:18+00:00,2016-08-22 18:53:44+00:00,73.92946759259259,30,docs;bug;cli,https://github.com/pallets/flask/issues/1902,2016-08-22 18:53:45+00:00,,,,,,,,False,manual_or_unknown
pallets,flask,pallets/flask,1893,Travis 3.3-devel job fails with error about urllib2 in Werkzeug,2016-06-07 16:28:49+00:00,2016-06-07 17:32:48+00:00,0.0444328703703703,3,bug;testing,https://github.com/pallets/flask/issues/1893,2016-06-07 17:32:49+00:00,,,,,,,,False,manual_or_unknown
pallets,flask,pallets/flask,1877,jsonify no longer causes Content-Length to be set on returned Response object,2016-06-03 08:24:29+00:00,2017-05-30 20:47:38+00:00,361.5160763888889,13,bug,https://github.com/pallets/flask/issues/1877,2017-05-30 20:47:38+00:00,,,,,,,,False,manual_or_unknown
pallets,flask,pallets/flask,1837,Setting error handler for unknown code fails,2016-05-31 07:51:12+00:00,2017-06-01 01:10:00+00:00,365.7213888888889,23,docs;bug,https://github.com/pallets/flask/issues/1837,2017-06-01 01:10:00+00:00,,,,,,,,False,manual_or_unknown
pallets,flask,pallets/flask,1829,"""[Errno 2] No such file or directory"" on flask run with FLASK_DEBUG=1",2016-05-29 19:03:30+00:00,2016-12-26 18:59:20+00:00,210.9971064814815,30,bug;cli,https://github.com/pallets/flask/issues/1829,2016-12-26 18:59:20+00:00,,,,,,,,False,manual_or_unknown
pallets,flask,pallets/flask,1427,Bug in send_file with temp files,2015-04-10 16:52:33+00:00,2016-06-03 16:17:04+00:00,419.9753587962964,12,bug,https://github.com/pallets/flask/issues/1427,2016-06-03 16:17:04+00:00,,,,,,,,False,manual_or_unknown
pallets,flask,pallets/flask,1406,Generic error handler for any exception,2015-03-29 15:54:55+00:00,2015-03-29 17:16:25+00:00,0.0565972222222222,8,bug,https://github.com/pallets/flask/issues/1406,2015-03-29 17:16:25+00:00,,,,,,,,False,manual_or_unknown
pallets,flask,pallets/flask,1348,sessions not saved when streaming,2015-02-08 19:03:16+00:00,2017-06-03 19:26:15+00:00,846.015960648148,3,bug;session,https://github.com/pallets/flask/issues/1348,2017-06-03 19:26:15+00:00,,,,,,,,False,manual_or_unknown
pallets,flask,pallets/flask,1330,Method is_json does not support capital letters in mimetype,2015-01-28 15:34:45+00:00,2015-01-29 09:24:38+00:00,0.742974537037037,5,bug,https://github.com/pallets/flask/issues/1330,2015-01-29 09:24:38+00:00,,,,,,,,False,manual_or_unknown
pallets,flask,pallets/flask,1173,python3 -mpdb myflaskapp.py fon ubuntu 14.04,2014-09-10 17:17:49+00:00,2014-10-19 18:20:57+00:00,39.04384259259259,7,bug,https://github.com/pallets/flask/issues/1173,2014-10-19 18:20:57+00:00,,,,,,,,False,manual_or_unknown
pallets,flask,pallets/flask,1169,"BUG in ""send_file"" and ""send_from_directory""",2014-09-04 10:38:47+00:00,2015-11-07 09:15:11+00:00,428.94194444444446,40,bug,https://github.com/pallets/flask/issues/1169,2015-11-07 09:15:11+00:00,,,,,,,,False,manual_or_unknown
pallets,flask,pallets/flask,1167,Randomly Unresponsive After Strange Character Requests,2014-09-03 20:37:59+00:00,2014-10-19 18:23:11+00:00,45.90638888888889,8,bug,https://github.com/pallets/flask/issues/1167,2014-10-19 18:23:11+00:00,,,,,,,,False,manual_or_unknown
pallets,flask,pallets/flask,1124,"CLI: ""flask"" command help doesn't list custom commands",2014-07-16 08:39:22+00:00,2016-05-26 19:29:49+00:00,680.4517013888889,11,bug;cli,https://github.com/pallets/flask/issues/1124,2016-05-26 19:29:49+00:00,,,,,,,,False,manual_or_unknown
pallets,flask,pallets/flask,941,Registering a handler for HTTPException has no effect,2014-01-03 18:58:20+00:00,2017-05-23 19:55:33+00:00,1236.0397337962963,20,blocker;bug,https://github.com/pallets/flask/issues/941,2017-05-23 19:55:33+00:00,,,,,,,,False,manual_or_unknown
psf,requests,psf/requests,6544,Conflicting requirements for urllib3,2023-10-06 20:05:38+00:00,2023-10-06 22:34:25+00:00,0.1033217592592592,1,Bug,https://github.com/psf/requests/issues/6544,2023-10-06 22:34:25+00:00,,,,,,,,False,manual_or_unknown
psf,requests,psf/requests,6104,ValueError when calling requests.get on windows systems.,2022-04-06 17:14:25+00:00,2022-06-01 17:38:00+00:00,56.01637731481481,14,Bug;Contributor Friendly,https://github.com/psf/requests/issues/6104,2022-06-01 17:38:01+00:00,,,,,,,,False,manual_or_unknown
psf,requests,psf/requests,6027,Proxy authentication bug,2022-01-03 22:12:00+00:00,2022-01-04 16:04:25+00:00,0.7447337962962962,12,Bug,https://github.com/psf/requests/issues/6027,2022-01-04 16:04:26+00:00,,,,,,,,False,manual_or_unknown
psf,requests,psf/requests,5921,requests should ignore REQUESTS_CA_BUNDLE when session.verify is False,2021-09-01 12:18:14+00:00,2021-09-04 21:37:49+00:00,3.3885995370370368,4,Bug;Breaking API Change,https://github.com/psf/requests/issues/5921,2021-09-04 21:37:49+00:00,,,,,,,,False,manual_or_unknown
psf,requests,psf/requests,5891,Session requests are ~70% slower in version 2.26.0,2021-07-28 16:43:39+00:00,2021-12-30 21:40:46+00:00,155.2063310185185,5,Bug,https://github.com/psf/requests/issues/5891,2021-12-30 21:40:47+00:00,,,,,,,,False,manual_or_unknown
psf,requests,psf/requests,5888,Manually set Proxy-Authorization header is always removed in 2.26,2021-07-27 14:24:46+00:00,2021-11-24 19:28:59+00:00,120.21126157407409,5,Bug,https://github.com/psf/requests/issues/5888,2021-11-24 19:28:59+00:00,,,,,,,,False,manual_or_unknown
psf,requests,psf/requests,5855,proxy URLs without schemes break under Python 3.9,2021-07-01 23:56:49+00:00,2021-12-30 21:36:55+00:00,181.90284722222225,6,Bug,https://github.com/psf/requests/issues/5855,2021-12-30 21:36:55+00:00,,,,,,,,False,manual_or_unknown
psf,requests,psf/requests,4986,Doctest fails (7 out of 11),2019-02-17 18:24:38+00:00,2021-08-07 02:26:11+00:00,901.3344097222222,2,Bug;PR(s) available,https://github.com/psf/requests/issues/4986,2021-08-07 02:26:11+00:00,,,,,,,,False,manual_or_unknown
psf,requests,psf/requests,4748,case-insensitive charset handling,2018-07-24 14:28:26+00:00,2018-07-24 16:46:20+00:00,0.0957638888888888,4,Bug,https://github.com/psf/requests/issues/4748,2018-07-24 16:46:20+00:00,,,,,,,,False,manual_or_unknown
psf,requests,psf/requests,4746,urllib3 LocationParseError uncaught by requests,2018-07-23 09:43:33+00:00,2018-10-01 02:25:44+00:00,69.69596064814814,2,Bug,https://github.com/psf/requests/issues/4746,2018-10-01 02:25:44+00:00,,,,,,,,False,manual_or_unknown
psf,requests,psf/requests,4716,Should Authorization header be cleared in https -> http redirect?,2018-06-27 09:06:49+00:00,2018-09-14 12:08:05+00:00,79.12587962962964,4,Bug,https://github.com/psf/requests/issues/4716,2018-09-14 12:08:05+00:00,,,,,,,,False,manual_or_unknown
psf,requests,psf/requests,4649,utf-8 passwords in url don't work,2018-05-16 16:25:58+00:00,2018-10-03 16:11:33+00:00,139.98998842592593,7,Bug,https://github.com/psf/requests/issues/4649,2018-10-03 16:11:33+00:00,,,,,,,,False,manual_or_unknown
psf,requests,psf/requests,4592,Malformed `Set-Cookie` containing CRLF does not cause an error,2018-04-17 02:42:53+00:00,2024-05-19 19:10:13+00:00,2224.685648148148,7,Bug,https://github.com/psf/requests/issues/4592,2024-05-19 19:10:14+00:00,,,,,,,,False,manual_or_unknown
psf,requests,psf/requests,4443,fragment not append on redirect,2018-01-01 13:57:19+00:00,2018-01-21 18:53:24+00:00,20.205613425925925,5,Bug,https://github.com/psf/requests/issues/4443,2018-01-21 18:53:24+00:00,,,,,,,,False,manual_or_unknown
psf,requests,psf/requests,4401,Find cause of status code 0,2017-11-27 10:39:30+00:00,2017-11-27 21:52:45+00:00,0.4675347222222222,6,Bug;Propose Close;Needs More Information,https://github.com/psf/requests/issues/4401,2017-11-27 21:52:45+00:00,,,,,,,,False,manual_or_unknown
psf,requests,psf/requests,4392,Streamed request with preset Host header sends two Host headers,2017-11-20 19:04:03+00:00,2024-05-19 18:59:48+00:00,2371.997048611111,8,Bug,https://github.com/psf/requests/issues/4392,2024-05-19 18:59:48+00:00,,,,,,,,False,manual_or_unknown
psf,requests,psf/requests,4362,Redirect resolved even though allow_redirects is set to False causing exception for unsupported connection adapter,2017-10-31 13:11:11+00:00,2021-12-29 02:32:57+00:00,1519.5567824074076,6,Bug,https://github.com/psf/requests/issues/4362,2021-12-29 02:32:57+00:00,,,,,,,,False,manual_or_unknown
psf,requests,psf/requests,4275,Requests tries to resolve `user:pass@host` on OS X,2017-09-05 10:13:27+00:00,2018-01-16 14:07:27+00:00,133.1625,1,Bug;PR(s) Wanted,https://github.com/psf/requests/issues/4275,2018-01-16 14:07:27+00:00,,,,,,,,False,manual_or_unknown
psf,requests,psf/requests,4030,fix pypi page,2017-05-17 14:38:38+00:00,2017-05-18 01:41:01+00:00,0.4599884259259259,3,Bug;Planned;Contributor Friendly;Documentation,https://github.com/psf/requests/issues/4030,2017-05-18 01:41:01+00:00,,,,,,,,False,manual_or_unknown
psf,requests,psf/requests,3696,A whitespace at the start of Url causes error on request,2016-11-16 16:05:10+00:00,2016-11-16 18:38:12+00:00,0.1062731481481481,4,Bug;Contributor Friendly,https://github.com/psf/requests/issues/3696,2016-11-16 18:38:12+00:00,,,,,,,,False,manual_or_unknown
psf,requests,psf/requests,3689,security extras need to be updated,2016-11-16 01:03:01+00:00,2016-11-16 10:33:47+00:00,0.3963657407407407,2,Bug;Contributor Friendly,https://github.com/psf/requests/issues/3689,2016-11-16 10:33:48+00:00,,,,,,,,False,manual_or_unknown
psf,requests,psf/requests,3683,URL has an invalid label.,2016-11-15 14:50:57+00:00,2016-11-30 15:07:22+00:00,15.011400462962962,29,Bug,https://github.com/psf/requests/issues/3683,2016-11-30 15:07:22+00:00,,,,,,,,False,manual_or_unknown
psf,requests,psf/requests,3597,TypeError in MockRequest when 'Host' header set to bytestring,2016-09-25 06:04:14+00:00,2016-09-29 07:09:41+00:00,4.045451388888889,3,Bug;Contributor Friendly,https://github.com/psf/requests/issues/3597,2016-09-29 07:09:41+00:00,,,,,,,,False,manual_or_unknown
psf,requests,psf/requests,3578,"""LookupError: unknown encoding: idna"" in worker threads, under embedded Python 3.5",2016-09-16 22:43:02+00:00,2016-09-17 07:19:01+00:00,0.3583217592592593,5,Bug;Contributor Friendly,https://github.com/psf/requests/issues/3578,2016-09-17 07:19:01+00:00,c12122970abd651d1d9a05aa2a9535a53a9c041f,"Merge pull request #3580 from rbcarson/idna-thread-embedded-3578

Add workaround to avoid implicit import of encodings.idna. Fixes #3578.",2016-09-17T07:18:59Z,5.0,5.0,0.0,1.0,True,commit_linked
psf,requests,psf/requests,3518,ALL_PROXY is incorrectly preferred to HTTP(S)_PROXY,2016-08-17 12:04:32+00:00,2016-08-25 12:45:16+00:00,8.028287037037037,2,Bug;Contributor Friendly,https://github.com/psf/requests/issues/3518,2016-08-25 12:45:16+00:00,,,,,,,,False,manual_or_unknown
psf,requests,psf/requests,3490,Remove header in middle of redirection,2016-08-09 18:24:05+00:00,2016-08-12 19:57:40+00:00,3.0649884259259257,8,Bug;Contributor Friendly,https://github.com/psf/requests/issues/3490,2016-08-12 19:57:40+00:00,,,,,,,,False,manual_or_unknown
psf,requests,psf/requests,3481,Error with decode_unicode=True on streamed response,2016-08-09 07:58:53+00:00,2016-09-11 09:11:16+00:00,33.05026620370371,9,Bug,https://github.com/psf/requests/issues/3481,2016-09-11 09:11:16+00:00,,,,,,,,False,manual_or_unknown
psf,requests,psf/requests,3359,Uncertain about content/text vs iter_content(decode_unicode=True/False),2016-06-22 00:19:56+00:00,2016-09-24 17:01:11+00:00,94.6953125,15,Bug,https://github.com/psf/requests/issues/3359,2016-09-24 17:01:11+00:00,,,,,,,,False,manual_or_unknown
psf,requests,psf/requests,3090,Session.close() doesn't work with proxies,2016-04-13 14:29:33+00:00,2016-04-15 13:36:43+00:00,1.9633101851851853,4,Bug;Contributor Friendly,https://github.com/psf/requests/issues/3090,2016-04-15 13:36:43+00:00,,,,,,,,False,manual_or_unknown
psf,requests,psf/requests,3068,Response read hangs,2016-03-27 20:57:08+00:00,2016-03-28 15:35:07+00:00,0.7763773148148148,5,Bug,https://github.com/psf/requests/issues/3068,2016-03-28 15:35:07+00:00,,,,,,,,False,manual_or_unknown
psf,requests,psf/requests,3066,auth and data set results in invalid http header,2016-03-25 11:30:41+00:00,2016-12-08 12:33:12+00:00,258.0434143518518,12,Bug,https://github.com/psf/requests/issues/3066,2016-12-08 12:33:13+00:00,,,,,,,,False,manual_or_unknown
psf,requests,psf/requests,3028,"""in"" operation on resp.cookies should not raise CookieConflictError",2016-03-03 12:37:56+00:00,2016-04-16 04:05:38+00:00,43.64423611111111,3,Bug;Contributor Friendly,https://github.com/psf/requests/issues/3028,2016-04-16 04:05:38+00:00,,,,,,,,False,manual_or_unknown
psf,requests,psf/requests,3009,"Inspecting 'response.ok' with non-ascii HTTP status ""reason"" content causes UnicodeDecodeError",2016-02-12 23:09:13+00:00,2016-08-05 00:10:35+00:00,174.04261574074076,12,Bug,https://github.com/psf/requests/issues/3009,2016-08-05 00:10:35+00:00,,,,,,,,False,manual_or_unknown
psf,requests,psf/requests,2998,Requests default to environment CA even when there's a session-set CA,2016-02-05 23:16:51+00:00,2016-02-10 08:46:49+00:00,4.395810185185185,4,Bug,https://github.com/psf/requests/issues/2998,2016-02-10 08:46:49+00:00,,,,,,,,False,manual_or_unknown
psf,requests,psf/requests,2997,allow_redirects=True for one get affects the next one,2016-02-05 19:41:55+00:00,2016-02-05 22:53:55+00:00,0.1333333333333333,7,Bug,https://github.com/psf/requests/issues/2997,2016-02-05 22:53:55+00:00,,,,,,,,False,manual_or_unknown
psf,requests,psf/requests,2949,Session's Authorization header isn't sent on redirect,2015-12-28 21:44:14+00:00,2021-09-08 22:43:04+00:00,2081.0408564814816,37,Bug,https://github.com/psf/requests/issues/2949,2021-09-08 22:43:04+00:00,,,,,,,,False,manual_or_unknown
psf,requests,psf/requests,2935,KeyError in connectionpool?,2015-12-18 00:38:06+00:00,2016-03-09 08:17:03+00:00,82.31871527777777,44,Bug;Needs More Information,https://github.com/psf/requests/issues/2935,2016-03-09 08:17:03+00:00,,,,,,,,False,manual_or_unknown
psf,requests,psf/requests,2925,Deadlock caused by local import in different thread.,2015-12-11 18:35:38+00:00,2024-05-20 14:35:55+00:00,3082.8335300925924,16,Bug;Planned,https://github.com/psf/requests/issues/2925,2024-05-20 14:35:55+00:00,,,,,,,,False,manual_or_unknown
psf,requests,psf/requests,2844,_encode_params return bytes that break urlencode,2015-10-23 11:27:22+00:00,2015-10-23 12:24:36+00:00,0.0397453703703703,8,Bug;Contributor Friendly,https://github.com/psf/requests/issues/2844,2015-10-23 12:24:36+00:00,,,,,,,,False,manual_or_unknown
psf,requests,psf/requests,2756,Json supersedes data in prepare_body,2015-09-04 23:44:09+00:00,2015-10-06 14:52:47+00:00,31.63099537037037,4,Bug;Contributor Friendly,https://github.com/psf/requests/issues/2756,2015-10-06 14:52:47+00:00,,,,,,,,False,manual_or_unknown
psf,requests,psf/requests,2708,user-agent not sent in CONNECT makes the request fail (proxy is used),2015-08-05 09:29:13+00:00,2024-05-20 14:36:16+00:00,3211.213229166666,15,Bug,https://github.com/psf/requests/issues/2708,2024-05-20 14:36:16+00:00,,,,,,,,False,manual_or_unknown
psf,requests,psf/requests,2707,parse_header_links fails for momento link headers,2015-08-05 08:05:52+00:00,2016-09-23 06:43:09+00:00,414.9425578703704,4,Bug,https://github.com/psf/requests/issues/2707,2016-09-23 06:43:09+00:00,,,,,,,,False,manual_or_unknown
psf,requests,psf/requests,2620,Connect Error or Timeout Error,2015-06-01 14:00:42+00:00,2015-06-02 20:53:50+00:00,1.286898148148148,6,Bug;Planned,https://github.com/psf/requests/issues/2620,2015-06-02 20:53:50+00:00,,,,,,,,False,manual_or_unknown
psf,requests,psf/requests,2599,"Auth handler should be calling close, not release_conn",2015-05-13 15:10:24+00:00,2015-05-14 06:15:18+00:00,0.6284027777777778,2,Bug;Planned;Contributor Friendly,https://github.com/psf/requests/issues/2599,2015-05-14 06:15:18+00:00,,,,,,,,False,manual_or_unknown
psf,requests,psf/requests,2540,MisssingSchema error message does not handle unicode input correctly,2015-04-08 00:56:52+00:00,2015-04-11 19:11:01+00:00,3.759826388888889,3,Bug;Contributor Friendly,https://github.com/psf/requests/issues/2540,2015-04-11 19:11:01+00:00,,,,,,,,False,manual_or_unknown
psf,requests,psf/requests,2530,"__build__ out of sync? Still at 0x020503, looks like 2.5.3 rather than 2.6.0",2015-04-05 21:21:27+00:00,2015-04-06 21:54:22+00:00,1.0228587962962965,1,Bug,https://github.com/psf/requests/issues/2530,2015-04-06 21:54:22+00:00,,,,,,,,False,manual_or_unknown
psf,requests,psf/requests,2503,Redirect doesn't pass all parameters,2015-03-17 13:41:37+00:00,2015-05-03 15:06:00+00:00,47.05859953703703,4,Bug,https://github.com/psf/requests/issues/2503,2015-05-03 15:06:00+00:00,,,,,,,,False,manual_or_unknown
psf,requests,psf/requests,2455,"CERTIFICATE_VERIFY_FAILED with 2.5.2, works with 2.5.1",2015-02-24 01:11:01+00:00,2015-05-31 12:57:28+00:00,96.49059027777776,111,Bug;Planned,https://github.com/psf/requests/issues/2455,2015-05-31 12:57:28+00:00,,,,,,,,False,manual_or_unknown
psf,requests,psf/requests,2345,Using RecentlyUsedContainer for session cache breaks pickling,2014-11-16 15:52:15+00:00,2014-11-30 19:12:43+00:00,14.139212962962963,5,Bug,https://github.com/psf/requests/issues/2345,2014-11-30 19:12:43+00:00,,,,,,,,False,manual_or_unknown
psf,requests,psf/requests,2336,Timeout for connecting to proxy,2014-11-13 12:10:06+00:00,2015-03-02 09:49:24+00:00,108.90229166666668,38,Bug,https://github.com/psf/requests/issues/2336,2015-03-02 09:49:24+00:00,,,,,,,,False,manual_or_unknown
psf,requests,psf/requests,2255,Session requests should respect verify=False,2014-09-29 01:06:48+00:00,2015-08-31 09:45:01+00:00,336.3598726851852,20,Bug,https://github.com/psf/requests/issues/2255,2015-08-31 09:45:01+00:00,,,,,,,,False,manual_or_unknown
psf,requests,psf/requests,2250,Link header parsing breaks if attribute value has commas,2014-09-25 20:01:41+00:00,2014-10-10 18:30:18+00:00,14.93653935185185,5,Bug;Contributor Friendly,https://github.com/psf/requests/issues/2250,2014-10-10 18:30:18+00:00,,,,,,,,False,manual_or_unknown
psf,requests,psf/requests,2229,full URL sent instead of path when using https proxy,2014-09-16 23:23:44+00:00,2015-05-03 15:12:33+00:00,228.65890046296292,9,Bug,https://github.com/psf/requests/issues/2229,2015-05-03 15:12:33+00:00,,,,,,,,False,manual_or_unknown
psf,requests,psf/requests,2228,Documentation examples.,2014-09-16 15:15:50+00:00,2021-11-28 03:00:28+00:00,2629.4893287037034,15,Bug;Contributor Friendly;Documentation,https://github.com/psf/requests/issues/2228,2021-11-28 03:00:28+00:00,,,,,,,,False,manual_or_unknown
psf,requests,psf/requests,2169,Connection keep alive issue,2014-08-18 13:51:38+00:00,2014-08-29 14:24:23+00:00,11.022743055555557,26,Bug;Please Review,https://github.com/psf/requests/issues/2169,2014-08-29 14:24:24+00:00,,,,,,,,False,manual_or_unknown
psf,requests,psf/requests,2144,socket.error exception not caught/wrapped in a requests exception (ConnectionError perhaps?),2014-07-22 10:23:48+00:00,2014-07-27 13:59:08+00:00,5.149537037037037,1,Bug;Contributor Friendly,https://github.com/psf/requests/issues/2144,2014-07-27 13:59:08+00:00,,,,,,,,False,manual_or_unknown
psf,requests,psf/requests,2063,Mutating Session.proxies does not work,2014-05-25 19:42:09+00:00,2014-05-28 08:06:33+00:00,2.5169444444444444,22,Bug,https://github.com/psf/requests/issues/2063,2014-05-28 08:06:33+00:00,,,,,,,,False,manual_or_unknown
psf,requests,psf/requests,2003,auth kwarg cannot be used to authenticate an HTTPS request through a HTTP proxy,2014-04-15 04:18:58+00:00,2016-12-17 17:00:48+00:00,977.5290509259258,7,Bug;Planned;Breaking API Change,https://github.com/psf/requests/issues/2003,2016-12-17 17:00:49+00:00,,,,,,,,False,manual_or_unknown
psf,requests,psf/requests,1871,Our use of urllib3's ConnectionPools is not threadsafe.,2014-01-20 11:09:18+00:00,2018-02-24 14:55:18+00:00,1496.156944444445,27,Bug;Planned,https://github.com/psf/requests/issues/1871,2018-02-24 14:55:18+00:00,,,,,,,,False,manual_or_unknown
psf,requests,psf/requests,1767,HTTP Basic Auth credentials extracted from URL are %-encoded,2013-12-01 09:22:15+00:00,2013-12-04 01:36:00+00:00,2.676215277777778,2,Bug;Fixed,https://github.com/psf/requests/issues/1767,2013-12-04 01:36:00+00:00,,,,,,,,False,manual_or_unknown
psf,requests,psf/requests,1755,Streaming uploads with HTTPBasicAuth causes stuck on resending the request,2013-11-24 12:30:06+00:00,2013-12-05 23:04:56+00:00,11.440856481481482,5,Bug;Fixed,https://github.com/psf/requests/issues/1755,2013-12-05 23:04:56+00:00,,,,,,,,False,manual_or_unknown
psf,requests,psf/requests,1746,Don't lowercase the whole URL when opening a connection,2013-11-19 08:53:32+00:00,2013-12-05 23:05:08+00:00,16.59138888888889,8,Bug;Fixed,https://github.com/psf/requests/issues/1746,2013-12-05 23:05:08+00:00,,,,,,,,False,manual_or_unknown
psf,requests,psf/requests,1732,SNI support broken on Python 2.X in 2.0.1.,2013-11-09 08:57:36+00:00,2013-12-05 23:05:18+00:00,26.588680555555555,3,Bug;Fixed,https://github.com/psf/requests/issues/1732,2013-12-05 23:05:18+00:00,,,,,,,,False,manual_or_unknown
psf,requests,psf/requests,1711,Regression 2.0.1: Using MozillaCookieJar does not work,2013-10-29 12:27:21+00:00,2013-12-04 01:33:33+00:00,35.545972222222225,4,Bug;Fixed,https://github.com/psf/requests/issues/1711,2013-12-04 01:33:34+00:00,2bbd7ba1c2c5a56c0957be64b5f94f6a4b0243ca,Fixed #1711,2013-10-29T14:18:03Z,6.0,5.0,1.0,1.0,True,commit_linked
psf,requests,psf/requests,1703,proxy with authentication fails in requests 2.0,2013-10-25 08:30:03+00:00,2013-12-05 23:05:28+00:00,41.60792824074074,11,Bug;Fixed,https://github.com/psf/requests/issues/1703,2013-12-05 23:05:28+00:00,,,,,,,,False,manual_or_unknown
psf,requests,psf/requests,1685,Possible Memory Leak,2013-10-17 17:03:10+00:00,2016-04-16 04:18:33+00:00,911.4690162037036,54,Bug,https://github.com/psf/requests/issues/1685,2016-04-16 04:18:33+00:00,,,,,,,,False,manual_or_unknown
psf,requests,psf/requests,1655,Session hooks broken,2013-10-07 10:24:32+00:00,2013-12-04 01:33:42+00:00,57.63136574074074,7,Bug;Contributor Friendly;Fixed,https://github.com/psf/requests/issues/1655,2013-12-04 01:33:42+00:00,,,,,,,,False,manual_or_unknown
psf,requests,psf/requests,1648,"Header ""Transfer-Encoding: chunked"" set even if Content-Length is provided which causes body to not actually get chunked",2013-10-04 00:02:56+00:00,2017-03-02 16:28:35+00:00,1245.6844791666667,52,Bug;Breaking API Change,https://github.com/psf/requests/issues/1648,2017-03-02 16:28:35+00:00,,,,,,,,False,manual_or_unknown
psf,requests,psf/requests,1642,Requests doesn't clean up on failed streaming uploads.,2013-10-02 12:33:03+00:00,2013-12-05 23:06:26+00:00,64.43984953703703,2,Bug,https://github.com/psf/requests/issues/1642,2013-12-05 23:06:26+00:00,,,,,,,,False,manual_or_unknown
psf,requests,psf/requests,1630,Cookies not persisted when set via functional API.,2013-09-27 08:50:44+00:00,2013-10-07 23:22:49+00:00,10.605613425925926,7,Bug;Contributor Friendly,https://github.com/psf/requests/issues/1630,2013-10-07 23:22:49+00:00,39fe0068aa657764778782ce4ca11d5e3ee08c66,"Fixed #1630, added test case for cookie persistence.",2013-09-28T07:33:05Z,13.0,13.0,0.0,2.0,True,commit_linked
psf,requests,psf/requests,1622,Requests 2.0.0 breaks SSL proxying via https_port of Squid.,2013-09-25 03:16:36+00:00,2015-01-19 09:25:49+00:00,481.256400462963,40,Bug;Propose Close,https://github.com/psf/requests/issues/1622,2015-01-19 09:25:49+00:00,,,,,,,,False,manual_or_unknown
psf,requests,psf/requests,1572,urllib3 exceptions passing through requests API,2013-09-03 09:36:19+00:00,2015-10-05 14:09:46+00:00,762.1898958333333,13,Bug;Planned;Contributor Friendly,https://github.com/psf/requests/issues/1572,2015-10-05 14:09:46+00:00,,,,,,,,False,manual_or_unknown
psf,requests,psf/requests,1561,Header keys lose their case,2013-08-30 14:43:45+00:00,2017-01-09 16:17:38+00:00,1228.0651967592592,11,Bug;Planned,https://github.com/psf/requests/issues/1561,2017-01-09 16:17:38+00:00,,,,,,,,False,manual_or_unknown
psf,requests,psf/requests,1434,"stream_decode_response_unicode fails in Python 3 at rv = decoder.decode('', final=True)",2013-06-25 15:17:55+00:00,2013-06-26 07:38:03+00:00,0.6806481481481481,3,Bug;Contributor Friendly,https://github.com/psf/requests/issues/1434,2013-06-26 07:38:03+00:00,,,,,,,,False,manual_or_unknown
psf,requests,psf/requests,1397,bug report,2013-05-30 18:41:17+00:00,2013-08-17 06:35:52+00:00,78.49623842592592,10,Bug,https://github.com/psf/requests/issues/1397,2013-08-17 06:35:52+00:00,,,,,,,,False,manual_or_unknown
psf,requests,psf/requests,1336,Set cookie on 401,2013-04-30 03:19:58+00:00,2013-08-15 07:59:47+00:00,107.19431712962962,47,Bug,https://github.com/psf/requests/issues/1336,2013-08-15 07:59:47+00:00,,,,,,,,False,manual_or_unknown
psf,requests,psf/requests,1335,Content-Length header is duplicated on Python3,2013-04-30 02:58:10+00:00,2013-06-08 09:57:00+00:00,39.29085648148149,6,Bug;Contributor Friendly,https://github.com/psf/requests/issues/1335,2013-06-08 09:57:00+00:00,,,,,,,,False,manual_or_unknown
psf,requests,psf/requests,1324,Session with CookieJar/LWPCookieJar cause AttributeError,2013-04-25 01:22:58+00:00,2013-04-26 10:57:36+00:00,1.399050925925926,3,Bug,https://github.com/psf/requests/issues/1324,2013-04-26 10:57:36+00:00,,,,,,,,False,manual_or_unknown
psf,requests,psf/requests,1261,Issue arising from #1190,2013-03-23 01:21:55+00:00,2013-03-27 18:31:37+00:00,4.7150694444444445,11,Bug,https://github.com/psf/requests/issues/1261,2013-03-27 18:31:37+00:00,,,,,,,,False,manual_or_unknown
psf,requests,psf/requests,1189,Multiple Cookies on Redirect,2013-02-13 23:09:02+00:00,2013-02-17 01:17:07+00:00,3.0889467592592594,8,Bug,https://github.com/psf/requests/issues/1189,2013-02-17 01:17:07+00:00,,,,,,,,False,manual_or_unknown
psf,requests,psf/requests,1124,"SSLError from imgur API, however proper cert appears via Chrome",2013-01-22 03:01:58+00:00,2013-02-10 22:37:55+00:00,19.816631944444445,12,Bug,https://github.com/psf/requests/issues/1124,2013-02-10 22:37:55+00:00,,,,,,,,False,manual_or_unknown
psf,requests,psf/requests,1102,address compromised TURKTRUST certificates,2013-01-15 11:30:17+00:00,2013-01-17 10:53:19+00:00,1.974328703703704,6,Bug,https://github.com/psf/requests/issues/1102,2013-01-17 10:53:19+00:00,,,,,,,,False,manual_or_unknown
psf,requests,psf/requests,1096,OAuth 1 requests with BODY signature_type send no body data and set Content-Length: 0 ,2013-01-11 19:44:55+00:00,2013-02-10 22:55:13+00:00,30.132152777777776,1,Bug;Contributor Friendly,https://github.com/psf/requests/issues/1096,2013-02-10 22:55:13+00:00,,,,,,,,False,manual_or_unknown
psf,requests,psf/requests,1084,POST and PUT on 307 redirect will re-POST without body,2013-01-04 16:55:35+00:00,2013-03-31 05:21:52+00:00,85.5182523148148,13,Bug,https://github.com/psf/requests/issues/1084,2013-03-31 05:21:52+00:00,88177ec33fa0846aea0ecb121ffbb041c5f09cdc,"Finally resolve #1084

Send body on redirect when POSTing or PUTing.",2013-03-28T03:30:00Z,3.0,2.0,1.0,1.0,True,commit_linked
psf,requests,psf/requests,1029,"Since 1.0, seeing a large amount of ""Cannot assign requested address"" socket.errors",2012-12-18 00:56:01+00:00,2012-12-18 02:51:40+00:00,0.0803125,8,Bug,https://github.com/psf/requests/issues/1029,2012-12-18 02:51:40+00:00,,,,,,,,False,manual_or_unknown
psf,requests,psf/requests,910,POST with json data and oauth auth_header signature_type not working,2012-10-25 17:29:41+00:00,2013-04-01 18:40:16+00:00,158.0490162037037,32,Bug,https://github.com/psf/requests/issues/910,2013-04-01 18:40:16+00:00,,,,,,,,False,manual_or_unknown
psf,requests,psf/requests,875,Keep-alive doesn't work over http proxy,2012-10-01 16:28:39+00:00,2012-12-03 10:09:18+00:00,62.7365625,11,Bug,https://github.com/psf/requests/issues/875,2012-12-03 10:09:18+00:00,,,,,,,,False,manual_or_unknown
psf,requests,psf/requests,862,digest authentication fails because of wrongly nonce-count,2012-09-20 06:47:59+00:00,2012-11-17 11:04:27+00:00,58.17810185185186,5,Bug,https://github.com/psf/requests/issues/862,2012-11-17 11:04:27+00:00,,,,,,,,False,manual_or_unknown
psf,requests,psf/requests,851,"SSL ""unknown protocol"" is returned when it should be ""certificate verify failed""",2012-09-13 02:17:35+00:00,2013-01-21 20:23:07+00:00,130.75384259259258,18,Bug;Contributor Friendly,https://github.com/psf/requests/issues/851,2013-01-21 20:23:07+00:00,,,,,,,,False,manual_or_unknown
psf,requests,psf/requests,844,umbrella ticket to resolve iteration / read size / chunked encoding questions,2012-09-07 03:54:10+00:00,2015-01-19 09:29:14+00:00,864.2326851851852,52,Bug;Contributor Friendly;Propose Close,https://github.com/psf/requests/issues/844,2015-01-19 09:29:14+00:00,,,,,,,,False,manual_or_unknown
psf,requests,psf/requests,771,socket leak (suspected due to redirection),2012-08-10 12:21:29+00:00,2012-11-17 11:17:01+00:00,98.95523148148148,47,Bug,https://github.com/psf/requests/issues/771,2012-11-17 11:17:01+00:00,,,,,,,,False,manual_or_unknown
psf,requests,psf/requests,747,"requests.{post,patch} set Content-Type to application/x-www-form-urlencoded even when ``data`` arg is a string",2012-07-30 20:18:22+00:00,2012-08-04 15:39:39+00:00,4.806446759259259,3,Bug;Contributor Friendly,https://github.com/psf/requests/issues/747,2012-08-04 15:39:39+00:00,,,,,,,,False,manual_or_unknown
psf,requests,psf/requests,738,pip install error on py3k,2012-07-25 05:47:28+00:00,2012-07-27 06:11:43+00:00,2.016840277777778,7,Bug;Contributor Friendly,https://github.com/psf/requests/issues/738,2012-07-27 06:11:43+00:00,,,,,,,,False,manual_or_unknown
psf,requests,psf/requests,697,Catch UnicodeError coming from encodings/idna.py,2012-06-26 18:31:32+00:00,2012-08-13 21:14:51+00:00,48.11341435185185,6,Bug;Contributor Friendly,https://github.com/psf/requests/issues/697,2012-08-13 21:14:51+00:00,,,,,,,,False,manual_or_unknown
psf,requests,psf/requests,649,CaseInsensitiveDict __setitem__ faulty for differing-case keys,2012-06-03 00:59:23+00:00,2012-07-27 05:54:43+00:00,54.20509259259259,4,Bug;Contributor Friendly,https://github.com/psf/requests/issues/649,2012-07-27 05:54:43+00:00,,,,,,,,False,manual_or_unknown
psf,requests,psf/requests,639,safe mode doesn't work when not returning response,2012-05-28 11:28:42+00:00,2012-12-18 20:15:20+00:00,204.36571759259257,3,Bug;Contributor Friendly,https://github.com/psf/requests/issues/639,2012-12-18 20:15:20+00:00,,,,,,,,False,manual_or_unknown
psf,requests,psf/requests,637,Dict data is not being properly urlencoded,2012-05-27 00:01:10+00:00,2012-06-15 18:32:14+00:00,19.771574074074078,7,Bug,https://github.com/psf/requests/issues/637,2012-06-15 18:32:14+00:00,,,,,,,,False,manual_or_unknown
psf,requests,psf/requests,627,Failure to get through digest page which redirects to temporary AWS url,2012-05-22 13:57:29+00:00,2012-11-27 18:36:34+00:00,189.1938078703704,31,Bug;Contributor Friendly,https://github.com/psf/requests/issues/627,2012-11-27 18:36:34+00:00,,,,,,,,False,manual_or_unknown
psf,requests,psf/requests,606,Allow specifying the ssl protocol version to use,2012-05-11 17:32:54+00:00,2012-07-27 06:10:49+00:00,76.52633101851852,20,Bug,https://github.com/psf/requests/issues/606,2012-07-27 06:10:49+00:00,,,,,,,,False,manual_or_unknown
psf,requests,psf/requests,605,async broken on Windows,2012-05-10 21:41:00+00:00,2012-05-10 23:35:07+00:00,0.0792476851851851,2,Bug,https://github.com/psf/requests/issues/605,2012-05-10 23:35:07+00:00,,,,,,,,False,manual_or_unknown
psf,requests,psf/requests,602,requests.head redirect timeout (on only linux environments?),2012-05-09 19:55:44+00:00,2012-07-27 06:14:15+00:00,78.42952546296296,7,Bug;Planned,https://github.com/psf/requests/issues/602,2012-07-27 06:14:15+00:00,,,,,,,,False,manual_or_unknown
psf,requests,psf/requests,539,iter_lines small chunks,2012-04-06 15:04:40+00:00,2012-05-08 05:09:24+00:00,31.58662037037037,15,Bug,https://github.com/psf/requests/issues/539,2012-05-08 05:09:24+00:00,,,,,,,,False,manual_or_unknown
psf,requests,psf/requests,537,requests.get throws TooManyRedirects in safe_mode,2012-04-06 01:50:52+00:00,2012-05-04 01:49:58+00:00,27.999375,3,Bug,https://github.com/psf/requests/issues/537,2012-05-04 01:49:58+00:00,,,,,,,,False,manual_or_unknown
psf,requests,psf/requests,520,requests leaves a hanging connection for each request,2012-03-29 07:19:00+00:00,2012-08-06 04:38:28+00:00,129.8885185185185,62,Bug,https://github.com/psf/requests/issues/520,2012-08-06 04:38:28+00:00,,,,,,,,False,manual_or_unknown
psf,requests,psf/requests,500,Async requests don't honor timeout param,2012-03-20 05:07:44+00:00,2012-05-10 22:05:42+00:00,51.70692129629629,13,Bug,https://github.com/psf/requests/issues/500,2012-05-10 22:05:42+00:00,,,,,,,,False,manual_or_unknown
psf,requests,psf/requests,498,App Engine Fixes,2012-03-19 02:03:45+00:00,2012-07-27 05:29:28+00:00,130.14285879629628,30,Bug;Contributor Friendly;GAE Support,https://github.com/psf/requests/issues/498,2012-07-27 05:29:28+00:00,,,,,,,,False,manual_or_unknown
psf,requests,psf/requests,496,Response.ok raises Timeout Exception in safe_mode,2012-03-19 00:21:18+00:00,2012-04-06 01:45:25+00:00,18.05841435185185,2,Bug;Contributor Friendly,https://github.com/psf/requests/issues/496,2012-04-06 01:45:25+00:00,,,,,,,,False,manual_or_unknown
psf,requests,psf/requests,458,"requests should send ""Connection: close"" if keep-alive is disabled",2012-02-26 23:17:29+00:00,2012-06-15 18:41:19+00:00,109.8082175925926,6,Bug,https://github.com/psf/requests/issues/458,2012-06-15 18:41:19+00:00,,,,,,,,False,manual_or_unknown
psf,requests,psf/requests,424,Unicode header dict values cause unhandled exception,2012-02-13 21:27:39+00:00,2012-07-27 06:00:53+00:00,164.35641203703705,1,Bug,https://github.com/psf/requests/issues/424,2012-07-27 06:00:53+00:00,,,,,,,,False,manual_or_unknown
psf,requests,psf/requests,353,'allow_redirects' cause a post request to hang,2012-01-11 11:06:54+00:00,2012-07-27 06:05:18+00:00,197.7905555555556,6,Bug,https://github.com/psf/requests/issues/353,2012-07-27 06:05:18+00:00,,,,,,,,False,manual_or_unknown
psf,requests,psf/requests,339,"ConnectionError in requests, not urllib2",2012-01-06 05:18:41+00:00,2012-04-12 22:53:39+00:00,97.73261574074074,2,Bug;Contributor Friendly,https://github.com/psf/requests/issues/339,2012-04-12 22:53:39+00:00,,,,,,,,False,manual_or_unknown
psf,requests,psf/requests,338,"LookupError in requests, not in urllib2",2012-01-06 05:07:45+00:00,2012-03-16 01:15:28+00:00,69.83869212962962,11,Bug;Contributor Friendly,https://github.com/psf/requests/issues/338,2012-03-16 01:15:28+00:00,9cf9d76eb5af142f983efb776776b0888febc978,"Merge pull request #477 from maxcountryman/develop

potentially fixes #338",2012-03-16T01:15:27Z,6.0,6.0,0.0,1.0,True,commit_linked
psf,requests,psf/requests,337,"TooManyRedirects in requests, not in urllib2",2012-01-06 05:06:43+00:00,2012-08-25 15:09:13+00:00,232.4184027777778,9,Bug;Contributor Friendly,https://github.com/psf/requests/issues/337,2012-08-25 15:09:13+00:00,,,,,,,,False,manual_or_unknown
psf,requests,psf/requests,335,CookieError in requests and not in urllib2,2012-01-06 04:30:34+00:00,2012-03-09 16:58:39+00:00,63.519502314814815,29,Bug;Contributor Friendly,https://github.com/psf/requests/issues/335,2012-03-09 16:58:39+00:00,,,,,,,,False,manual_or_unknown
psf,requests,psf/requests,296,ConnectionError with Python 2.5 and SSL site,2011-11-29 14:20:07+00:00,2012-01-23 08:06:13+00:00,54.74034722222223,10,Bug,https://github.com/psf/requests/issues/296,2012-01-23 08:06:14+00:00,,,,,,,,False,manual_or_unknown
psf,requests,psf/requests,293,Proxy authentication broken with 0.76 -> 0.83 upgrade.,2011-11-28 17:25:20+00:00,2012-03-31 07:16:31+00:00,123.57721064814814,4,Bug;Contributor Friendly,https://github.com/psf/requests/issues/293,2012-03-31 07:16:31+00:00,,,,,,,,False,manual_or_unknown
psf,requests,psf/requests,291,models.Request.sent never set to `True`?,2011-11-27 16:16:40+00:00,2011-11-27 16:29:58+00:00,0.0092361111111111,1,Bug,https://github.com/psf/requests/issues/291,2011-11-27 16:29:58+00:00,c7b99f78192bdff62fad4f92039396c0dfbe4fb8,"Set Response.sent to True

Fixes #291",2011-11-27T16:29:52Z,1.0,1.0,0.0,1.0,True,commit_linked
psf,requests,psf/requests,286,Session Cookie doublequotes bug,2011-11-23 17:47:01+00:00,2012-01-30 06:15:36+00:00,67.51984953703703,11,Bug,https://github.com/psf/requests/issues/286,2012-01-30 06:15:36+00:00,,,,,,,,False,manual_or_unknown
psf,requests,psf/requests,239,Too many open files,2011-11-05 12:37:30+00:00,2012-07-27 06:07:41+00:00,264.7292939814815,81,Bug;Contributor Friendly,https://github.com/psf/requests/issues/239,2012-07-27 06:07:41+00:00,,,,,,,,False,manual_or_unknown
psf,requests,psf/requests,223,Content-Length is missing,2011-10-24 16:21:43+00:00,2012-11-25 03:54:30+00:00,397.481099537037,63,Bug,https://github.com/psf/requests/issues/223,2012-11-25 03:54:30+00:00,f003025a37f9d546570e52f7d355c6f5d1a81617,"Attach Content-Length to everything.

Closes #223",2012-11-25T02:47:47Z,4.0,4.0,0.0,1.0,True,commit_linked
psf,requests,psf/requests,78,Request_gzip = True,2011-06-24 10:28:49+00:00,2011-07-24 02:35:50+00:00,29.67153935185185,3,Feature Request;Bug;Planned,https://github.com/psf/requests/issues/78,2011-07-24 02:35:50+00:00,c3c90bb09c9f4cd635ea28cbc784ee5f724bdab8,"default headers and content encoding settings
Closes #78",2011-07-24T02:35:46Z,21.0,17.0,4.0,2.0,True,commit_linked
psf,requests,psf/requests,56,Auth fail for private github repo,2011-06-04 16:23:34+00:00,2011-07-24 02:55:20+00:00,49.43872685185185,6,Bug,https://github.com/psf/requests/issues/56,2011-07-24 02:55:20+00:00,,,,,,,,False,manual_or_unknown
scrapy,scrapy,scrapy/scrapy,7626,ScrapyCommand.help() is never called,2026-06-15 09:51:36+00:00,2026-06-19 04:49:34+00:00,3.790254629629629,5,bug;cleanup,https://github.com/scrapy/scrapy/issues/7626,2026-06-19 04:49:34+00:00,,,,,,,,False,manual_or_unknown
scrapy,scrapy,scrapy/scrapy,7604,`strip_url()` strips :80 from the password,2026-06-11 16:36:11+00:00,2026-06-15 06:41:57+00:00,3.587337962962963,2,bug,https://github.com/scrapy/scrapy/issues/7604,2026-06-15 06:41:57+00:00,,,,,,,,False,manual_or_unknown
scrapy,scrapy,scrapy/scrapy,7601,HttpxDownloadHandler drops proxy auth on retries/redirects,2026-06-11 15:58:47+00:00,2026-06-17 09:56:24+00:00,5.748344907407407,0,bug,https://github.com/scrapy/scrapy/issues/7601,2026-06-17 09:56:24+00:00,,,,,,,,False,manual_or_unknown
scrapy,scrapy,scrapy/scrapy,7597,IMAGES_STORE_*_ACL are no longer used,2026-06-11 08:01:01+00:00,2026-06-15 19:24:45+00:00,4.474814814814815,1,bug;S3;media pipelines,https://github.com/scrapy/scrapy/issues/7597,2026-06-15 19:24:46+00:00,,,,,,,,False,manual_or_unknown
scrapy,scrapy,scrapy/scrapy,7552,'scrapy shell' command starts crawling,2026-05-26 11:51:11+00:00,2026-06-10 19:59:04+00:00,15.338807870370369,9,bug,https://github.com/scrapy/scrapy/issues/7552,2026-06-10 19:59:04+00:00,,,,,,,,False,manual_or_unknown
scrapy,scrapy,scrapy/scrapy,7445,TLS context re-use regression in 2.15 leads to HTTP 421s for different hostnames on the same server,2026-04-21 08:43:37+00:00,2026-04-22 14:01:03+00:00,1.2204398148148148,1,bug;https,https://github.com/scrapy/scrapy/issues/7445,2026-04-22 14:01:04+00:00,,,,,,,,False,manual_or_unknown
scrapy,scrapy,scrapy/scrapy,7426,Regression in Scrapy 2.15.0: FEED_EXPORTERS keys with dots fail with NameError in getwithbase(),2026-04-13 09:55:30+00:00,2026-04-22 14:00:41+00:00,9.170266203703704,1,bug,https://github.com/scrapy/scrapy/issues/7426,2026-04-22 14:00:42+00:00,,,,,,,,False,manual_or_unknown
scrapy,scrapy,scrapy/scrapy,7158,Scrapy 2.13 slower than 2.12 about 2–3×,2025-11-20 12:43:41+00:00,2026-01-05 11:55:59+00:00,45.966875,9,bug;performance,https://github.com/scrapy/scrapy/issues/7158,2026-01-05 11:55:59+00:00,,,,,,,,False,manual_or_unknown
scrapy,scrapy,scrapy/scrapy,7060,Fix flaky `test_download_with_proxy_https_timeout()`,2025-09-28 12:05:01+00:00,2026-02-13 08:45:11+00:00,137.86122685185185,25,bug;help wanted;https;CI,https://github.com/scrapy/scrapy/issues/7060,2026-02-13 08:45:11+00:00,,,,,,,,False,manual_or_unknown
scrapy,scrapy,scrapy/scrapy,7057,spider_idle signal sent before item_error signal when DNSLookupError occurs in FilesPipeline,2025-09-26 04:38:34+00:00,2025-09-29 08:41:24+00:00,3.168634259259259,3,bug;needs more info,https://github.com/scrapy/scrapy/issues/7057,2025-09-29 08:41:24+00:00,,,,,,,,False,manual_or_unknown
scrapy,scrapy,scrapy/scrapy,7042,MetaRefreshMiddleware does not respect `<base>` tag for relative URLs,2025-09-04 08:07:25+00:00,2025-09-10 13:17:17+00:00,6.215185185185185,3,bug,https://github.com/scrapy/scrapy/issues/7042,2025-09-10 13:17:18+00:00,,,,,,,,False,manual_or_unknown
scrapy,scrapy,scrapy/scrapy,7003,TestSendCatchLogAsyncAsyncio failures,2025-08-11 10:07:39+00:00,2025-08-18 15:00:24+00:00,7.203298611111111,0,bug;CI,https://github.com/scrapy/scrapy/issues/7003,2025-08-18 15:00:24+00:00,,,,,,,,False,manual_or_unknown
scrapy,scrapy,scrapy/scrapy,6996,Tests that install a root logging handler,2025-08-08 07:33:18+00:00,2025-10-06 09:19:36+00:00,59.073819444444446,1,bug;CI,https://github.com/scrapy/scrapy/issues/6996,2025-10-06 09:19:36+00:00,,,,,,,,False,manual_or_unknown
scrapy,scrapy,scrapy/scrapy,6972,TestPriorityQueue::test_queue_push_pop_priorities() fails on 32-bit,2025-07-28 12:38:42+00:00,2025-07-28 18:37:47+00:00,0.2493634259259259,5,bug;CI,https://github.com/scrapy/scrapy/issues/6972,2025-07-28 18:37:47+00:00,,,,,,,,False,manual_or_unknown
scrapy,scrapy,scrapy/scrapy,6915,ipython tips break scrapy shell help,2025-06-26 06:47:55+00:00,2025-08-01 09:01:41+00:00,36.09289351851852,5,bug,https://github.com/scrapy/scrapy/issues/6915,2025-08-01 09:01:42+00:00,,,,,,,,False,manual_or_unknown
scrapy,scrapy,scrapy/scrapy,6908,TestEngine::test_short_timeout() failure,2025-06-23 18:28:21+00:00,2025-07-01 12:24:10+00:00,7.747094907407408,2,bug;CI,https://github.com/scrapy/scrapy/issues/6908,2025-07-01 12:24:10+00:00,,,,,,,,False,manual_or_unknown
scrapy,scrapy,scrapy/scrapy,6894,`FileFeedStorage` ignores the drive letter on Windows,2025-06-20 07:31:46+00:00,2025-06-23 16:56:30+00:00,3.392175925925926,2,bug;Windows,https://github.com/scrapy/scrapy/issues/6894,2025-06-23 16:56:30+00:00,,,,,,,,False,manual_or_unknown
scrapy,scrapy,scrapy/scrapy,6878,`pytest.skip` no longer works in twisted.trial unittests,2025-06-08 18:07:15+00:00,2025-06-09 07:53:43+00:00,0.5739351851851852,0,bug;CI;upstream issue,https://github.com/scrapy/scrapy/issues/6878,2025-06-09 07:53:44+00:00,,,,,,,,False,manual_or_unknown
scrapy,scrapy,scrapy/scrapy,6876,Non-typing assert in getdictorlist(),2025-06-08 15:13:05+00:00,2025-10-09 20:14:35+00:00,123.209375,9,bug;good first issue,https://github.com/scrapy/scrapy/issues/6876,2025-10-09 20:14:35+00:00,4865a500b62fada0be245b9201339cc3d093c6d2,resolves #6876 (#6977),2025-10-09T20:14:34Z,12.0,10.0,2.0,1.0,True,commit_linked
scrapy,scrapy,scrapy/scrapy,6861,Results of errbacks for downloader errors are discarded,2025-06-05 07:06:32+00:00,2025-06-05 13:02:32+00:00,0.2472222222222222,5,bug,https://github.com/scrapy/scrapy/issues/6861,2025-06-05 13:02:32+00:00,,,,,,,,False,manual_or_unknown
scrapy,scrapy,scrapy/scrapy,6859,“DeprecationWarning: Attempting to mutate a Context after a Connection was created” with pyOpenSSL 25.1.0,2025-06-04 20:09:28+00:00,2026-03-25 10:42:45+00:00,293.60644675925926,11,bug;help wanted,https://github.com/scrapy/scrapy/issues/6859,2026-04-22 09:01:57+00:00,,,,,,,,False,manual_or_unknown
scrapy,scrapy,scrapy/scrapy,6857,ExecuteEngine.close() assumes self.downloader has been defined,2025-06-04 10:32:07+00:00,2025-06-06 11:02:16+00:00,2.0209375,0,bug,https://github.com/scrapy/scrapy/issues/6857,2025-06-06 11:02:16+00:00,,,,,,,,False,manual_or_unknown
scrapy,scrapy,scrapy/scrapy,6834,Race condition in `TestBenchCommand` on Windows,2025-05-28 09:23:29+00:00,2025-07-02 19:35:58+00:00,35.42533564814815,2,bug;CI,https://github.com/scrapy/scrapy/issues/6834,2025-07-02 19:35:59+00:00,,,,,,,,False,manual_or_unknown
scrapy,scrapy,scrapy/scrapy,6820,Recheck (and re-fix?) open_spider exception handling,2025-05-21 17:23:24+00:00,2026-02-19 10:22:01+00:00,273.7073726851852,2,bug,https://github.com/scrapy/scrapy/issues/6820,2026-02-19 10:22:01+00:00,,,,,,,,False,manual_or_unknown
scrapy,scrapy,scrapy/scrapy,6812,Typo in the Docs,2025-05-19 03:03:26+00:00,2025-05-20 05:51:32+00:00,1.1167361111111112,2,bug;good first issue;docs,https://github.com/scrapy/scrapy/issues/6812,2025-05-20 05:51:32+00:00,,,,,,,,False,manual_or_unknown
scrapy,scrapy,scrapy/scrapy,6784,Engine hangs if _schedule_request() raised an exception,2025-05-09 15:17:57+00:00,2025-06-23 17:36:55+00:00,45.09650462962963,3,bug,https://github.com/scrapy/scrapy/issues/6784,2025-06-23 17:36:55+00:00,,,,,,,,False,manual_or_unknown
scrapy,scrapy,scrapy/scrapy,6783,`test_close_during_start_iteration()` can fail with a Task error about `_start_request_processing()`,2025-05-08 09:36:02+00:00,2025-06-23 17:36:55+00:00,46.333946759259256,4,bug,https://github.com/scrapy/scrapy/issues/6783,2025-06-23 17:36:56+00:00,,,,,,,,False,manual_or_unknown
scrapy,scrapy,scrapy/scrapy,6665,Make sure all type annotations relevant to web-poet are resolvable,2025-02-11 17:12:29+00:00,2025-02-14 15:40:07+00:00,2.9358564814814816,0,bug;enhancement,https://github.com/scrapy/scrapy/issues/6665,2025-02-14 15:40:07+00:00,,,,,,,,False,manual_or_unknown
scrapy,scrapy,scrapy/scrapy,6644,Unable to use CrawlerProcess to run a spider as a script to debug it at breakpoints,2025-02-01 08:40:44+00:00,2025-02-04 12:49:23+00:00,3.172673611111111,6,bug;not reproducible;upstream issue;asyncio,https://github.com/scrapy/scrapy/issues/6644,2025-02-04 12:49:23+00:00,,,,,,,,False,manual_or_unknown
scrapy,scrapy,scrapy/scrapy,6636,Reactor info logged twice,2025-01-28 18:29:48+00:00,2025-02-06 10:47:41+00:00,8.679085648148147,0,bug;logging,https://github.com/scrapy/scrapy/issues/6636,2025-02-06 10:47:41+00:00,,,,,,,,False,manual_or_unknown
scrapy,scrapy,scrapy/scrapy,6632,Installed Scrapy in a new environment through Anaconda but can't run bench,2025-01-25 09:57:07+00:00,2025-01-27 10:21:32+00:00,2.0169560185185182,3,bug,https://github.com/scrapy/scrapy/issues/6632,2025-01-27 10:21:32+00:00,,,,,,,,False,manual_or_unknown
scrapy,scrapy,scrapy/scrapy,6619,test_s3_export fails with boto3 >= 1.36.0,2025-01-18 16:25:28+00:00,2025-01-22 11:14:34+00:00,3.784097222222222,5,bug;good first issue;CI,https://github.com/scrapy/scrapy/issues/6619,2025-01-22 11:14:34+00:00,,,,,,,,False,manual_or_unknown
scrapy,scrapy,scrapy/scrapy,6617,GCSFeedStorage does not support feed_options,2025-01-17 13:44:06+00:00,2025-01-23 16:06:47+00:00,6.099085648148148,9,bug;good first issue,https://github.com/scrapy/scrapy/issues/6617,2025-01-23 16:06:47+00:00,,,,,,,,False,manual_or_unknown
scrapy,scrapy,scrapy/scrapy,6600,Investigate off-by-1 in `scrapy.cmdline._pop_command_name()`,2025-01-01 19:47:08+00:00,2025-01-14 15:40:25+00:00,12.828668981481483,4,bug;good first issue,https://github.com/scrapy/scrapy/issues/6600,2025-01-14 15:40:25+00:00,,,,,,,,False,manual_or_unknown
scrapy,scrapy,scrapy/scrapy,6593,Fix Crawler.request_fingerprinter typing,2024-12-27 14:41:09+00:00,2025-01-07 09:40:51+00:00,10.791458333333331,3,bug;good first issue;typing,https://github.com/scrapy/scrapy/issues/6593,2025-01-07 09:40:51+00:00,,,,,,,,False,manual_or_unknown
scrapy,scrapy,scrapy/scrapy,6505,return in finally can swallow exception,2024-10-22 16:21:43+00:00,2024-11-14 19:48:08+00:00,23.143344907407407,15,bug;good first issue,https://github.com/scrapy/scrapy/issues/6505,2024-11-14 19:48:08+00:00,,,,,,,,False,manual_or_unknown
scrapy,scrapy,scrapy/scrapy,6504,Fix typing for Twisted 24.10.0,2024-10-22 14:40:29+00:00,2024-10-29 18:08:39+00:00,7.144560185185185,4,bug;CI;typing,https://github.com/scrapy/scrapy/issues/6504,2024-10-29 18:08:39+00:00,,,,,,,,False,manual_or_unknown
scrapy,scrapy,scrapy/scrapy,6450,"Twisted 24.7.0rc1 deprecation: ""twisted.web.http.HTTPClient was deprecated in Twisted 24.7.0rc1: Use twisted.web.client.Agent instead""",2024-07-31 17:11:33+00:00,2025-01-28 09:29:48+00:00,180.67934027777775,9,bug;cleanup;wontfix,https://github.com/scrapy/scrapy/issues/6450,2025-01-28 09:29:49+00:00,,,,,,,,False,manual_or_unknown
scrapy,scrapy,scrapy/scrapy,6398,Improve the docs of the dont_filter parameter of Request,2024-06-10 08:51:23+00:00,2026-02-10 08:49:11+00:00,609.9984722222222,0,bug;docs,https://github.com/scrapy/scrapy/issues/6398,2026-02-10 08:49:11+00:00,,,,,,,,False,manual_or_unknown
scrapy,scrapy,scrapy/scrapy,6383,Error handling in contract parsing,2024-05-30 16:59:37+00:00,2024-06-05 04:34:47+00:00,5.482754629629629,2,bug;good first issue,https://github.com/scrapy/scrapy/issues/6383,2024-06-05 04:34:47+00:00,,,,,,,,False,manual_or_unknown
scrapy,scrapy,scrapy/scrapy,6369,persist_file() can return a Deferred that is never awaited,2024-05-18 20:19:57+00:00,2026-03-24 09:52:58+00:00,674.5645949074075,3,bug;media pipelines,https://github.com/scrapy/scrapy/issues/6369,2026-03-24 09:52:58+00:00,,,,,,,,False,manual_or_unknown
scrapy,scrapy,scrapy/scrapy,6365,Fix overridable methods in MediaPipeline,2024-05-15 15:03:25+00:00,2024-05-28 08:42:59+00:00,12.735810185185183,1,bug,https://github.com/scrapy/scrapy/issues/6365,2024-05-28 08:43:00+00:00,,,,,,,,False,manual_or_unknown
scrapy,scrapy,scrapy/scrapy,6361,Remove top-level reactor imports from CrawlerProces/CrawlerRunner examples ,2024-05-14 09:52:47+00:00,2024-05-27 10:36:35+00:00,13.030416666666667,5,bug;good first issue;docs,https://github.com/scrapy/scrapy/issues/6361,2024-05-27 10:36:35+00:00,,,,,,,,False,manual_or_unknown
scrapy,scrapy,scrapy/scrapy,6350,CachingHostnameResolver with CONCURRENT_REQUESTS_PER_IP fails,2024-05-08 21:22:20+00:00,2025-12-05 17:03:23+00:00,575.820173611111,8,bug,https://github.com/scrapy/scrapy/issues/6350,2025-12-05 17:03:23+00:00,,,,,,,,False,manual_or_unknown
scrapy,scrapy,scrapy/scrapy,6343,Make certain args of `ScrapyAgent` and `TunnelingAgent` required,2024-05-07 08:23:10+00:00,2024-05-10 09:43:50+00:00,3.0560185185185187,1,bug,https://github.com/scrapy/scrapy/issues/6343,2024-05-10 09:43:50+00:00,,,,,,,,False,manual_or_unknown
scrapy,scrapy,scrapy/scrapy,6342,"Set METAREFRESH_IGNORE_TAGS to [""noscript""] by default",2024-05-07 07:32:13+00:00,2024-05-10 07:47:41+00:00,3.0107407407407405,3,bug;good first issue;backward-incompatible,https://github.com/scrapy/scrapy/issues/6342,2024-05-10 07:47:41+00:00,,,,,,,,False,manual_or_unknown
scrapy,scrapy,scrapy/scrapy,6328,'json' selector type not documented,2024-05-03 15:53:56+00:00,2024-06-06 05:55:57+00:00,33.5847337962963,4,bug;good first issue;docs,https://github.com/scrapy/scrapy/issues/6328,2024-06-06 05:55:57+00:00,,,,,,,,False,manual_or_unknown
scrapy,scrapy,scrapy/scrapy,6308,Different behavior of `get_header` between urllib.Request and WrappedRequest,2024-04-06 16:52:05+00:00,2024-04-08 09:47:55+00:00,1.7054398148148149,4,bug;good first issue,https://github.com/scrapy/scrapy/issues/6308,2024-04-08 09:47:55+00:00,,,,,,,,False,manual_or_unknown
scrapy,scrapy,scrapy/scrapy,6307,Scrapy and Great Expectations: Error - __provides__,2024-04-05 15:00:38+00:00,2024-04-29 14:28:01+00:00,23.97734953703704,12,bug,https://github.com/scrapy/scrapy/issues/6307,2024-04-29 14:28:01+00:00,,,,,,,,False,manual_or_unknown
scrapy,scrapy,scrapy/scrapy,6292,Handle robots.txt files not utf-8 encoded,2024-03-15 13:17:43+00:00,2024-04-05 08:49:12+00:00,20.813530092592597,3,bug;good first issue,https://github.com/scrapy/scrapy/issues/6292,2024-04-05 08:49:12+00:00,,,,,,,,False,manual_or_unknown
scrapy,scrapy,scrapy/scrapy,6286,WindowsRunSpiderCommandTest isn't skipped properly in the pinned envs,2024-03-09 16:31:41+00:00,2024-03-12 09:17:11+00:00,2.698263888888889,0,bug;CI,https://github.com/scrapy/scrapy/issues/6286,2024-03-12 09:17:11+00:00,,,,,,,,False,manual_or_unknown
scrapy,scrapy,scrapy/scrapy,6258,Proxy tests don't use tests/keys/mitmproxy-ca.pem,2024-02-29 08:34:22+00:00,2024-02-29 12:12:02+00:00,0.1511574074074074,2,bug;CI,https://github.com/scrapy/scrapy/issues/6258,2024-02-29 12:12:02+00:00,,,,,,,,False,manual_or_unknown
scrapy,scrapy,scrapy/scrapy,6214,"When using mongodb MotorClient with scrapy, async with await will introduce Runtime error",2024-02-02 12:27:28+00:00,2024-02-02 13:54:05+00:00,0.0601504629629629,11,bug;needs more info;asyncio,https://github.com/scrapy/scrapy/issues/6214,2024-02-02 13:54:05+00:00,,,,,,,,False,manual_or_unknown
scrapy,scrapy,scrapy/scrapy,6207,Document the deprecation and removal of response_httprepr,2024-01-17 08:48:41+00:00,2024-02-05 11:52:03+00:00,19.127337962962965,6,bug;docs,https://github.com/scrapy/scrapy/issues/6207,2024-02-05 11:52:03+00:00,,,,,,,,False,manual_or_unknown
scrapy,scrapy,scrapy/scrapy,6204,PyPy tests fail,2024-01-12 12:41:43+00:00,2024-01-12 17:50:42+00:00,0.2145717592592592,1,bug;CI,https://github.com/scrapy/scrapy/issues/6204,2024-01-12 17:50:43+00:00,,,,,,,,False,manual_or_unknown
scrapy,scrapy,scrapy/scrapy,6195,The first rule in a robots.txt with BOM will be ignored,2024-01-04 19:48:48+00:00,2025-10-15 14:15:08+00:00,649.7682870370371,10,bug;good first issue,https://github.com/scrapy/scrapy/issues/6195,2025-10-15 14:15:09+00:00,,,,,,,,False,manual_or_unknown
scrapy,scrapy,scrapy/scrapy,6160,scrapy shell breaks with ipython >= 8.18.0 and AsyncioSelectorReactor,2023-11-28 10:24:12+00:00,2024-01-05 20:04:07+00:00,38.40271990740741,6,bug;asyncio,https://github.com/scrapy/scrapy/issues/6160,2024-01-05 20:04:07+00:00,,,,,,,,False,manual_or_unknown
scrapy,scrapy,scrapy/scrapy,6121,Scheduler initializes disk queue even if `JOBDIR` is empty string,2023-10-24 17:12:21+00:00,2023-10-31 13:37:27+00:00,6.850763888888888,0,bug;good first issue,https://github.com/scrapy/scrapy/issues/6121,2023-10-31 13:37:27+00:00,,,,,,,,False,manual_or_unknown
scrapy,scrapy,scrapy/scrapy,6056,Dropping is_botocore wasn't documented,2023-09-20 10:20:20+00:00,2023-09-22 08:12:22+00:00,1.9111342592592595,2,bug;good first issue;docs,https://github.com/scrapy/scrapy/issues/6056,2023-09-22 08:12:22+00:00,,,,,,,,False,manual_or_unknown
scrapy,scrapy,scrapy/scrapy,6044,PyPy tests crash,2023-09-12 07:25:07+00:00,2023-09-12 14:18:27+00:00,0.287037037037037,3,bug;CI;upstream issue,https://github.com/scrapy/scrapy/issues/6044,2023-09-12 14:18:27+00:00,,,,,,,,False,manual_or_unknown
scrapy,scrapy,scrapy/scrapy,6024,Problem with Twisted AttributeError: 'EPollReactor' object has no attribute '_handleSignals',2023-08-29 00:04:21+00:00,2023-10-17 13:08:25+00:00,49.54449074074074,8,bug,https://github.com/scrapy/scrapy/issues/6024,2023-10-17 13:08:25+00:00,,,,,,,,False,manual_or_unknown
scrapy,scrapy,scrapy/scrapy,6008,"The ""item-pipeline"" section example of the docs was not updated.",2023-08-10 07:50:31+00:00,2023-08-10 11:48:45+00:00,0.1654398148148148,0,bug;good first issue;docs,https://github.com/scrapy/scrapy/issues/6008,2023-08-10 11:48:45+00:00,,,,,,,,False,manual_or_unknown
scrapy,scrapy,scrapy/scrapy,5992,NotConfigured logging breaks when the component is added by class object,2023-08-01 12:50:59+00:00,2023-08-01 18:19:00+00:00,0.2277893518518518,0,bug;good first issue,https://github.com/scrapy/scrapy/issues/5992,2023-08-01 18:19:00+00:00,,,,,,,,False,manual_or_unknown
scrapy,scrapy,scrapy/scrapy,5990,"Requesting a site by its IP address instead of hostname raises OpenSSL.SSL.Error: [('SSL routines', '', 'tlsv1 alert internal error')]",2023-07-28 07:12:16+00:00,2026-06-09 08:40:02+00:00,1047.0609490740742,5,bug;https,https://github.com/scrapy/scrapy/issues/5990,2026-06-09 08:40:02+00:00,,,,,,,,False,manual_or_unknown
scrapy,scrapy,scrapy/scrapy,5989,"type annotation of ""headers"" argument of scrapy.Request is incomplete",2023-07-26 12:01:33+00:00,2023-10-17 17:07:14+00:00,83.2122800925926,1,bug;typing,https://github.com/scrapy/scrapy/issues/5989,2023-10-17 17:07:14+00:00,,,,,,,,False,manual_or_unknown
scrapy,scrapy,scrapy/scrapy,5961,Fixing the dirty reactor errors,2023-06-25 10:08:49+00:00,2026-03-27 18:46:20+00:00,1006.359386574074,2,bug;CI,https://github.com/scrapy/scrapy/issues/5961,2026-03-27 18:46:20+00:00,,,,,,,,False,manual_or_unknown
scrapy,scrapy,scrapy/scrapy,5959,BaseSettings.pop method throws KeyError even if default value is provided,2023-06-21 17:03:40+00:00,2023-06-24 14:23:19+00:00,2.8886458333333334,4,bug,https://github.com/scrapy/scrapy/issues/5959,2023-06-24 14:23:19+00:00,,,,,,,,False,manual_or_unknown
scrapy,scrapy,scrapy/scrapy,5957,Investigate/fix test_start_requests_laziness(),2023-06-20 17:18:38+00:00,2023-08-08 17:19:15+00:00,49.00042824074074,1,bug;CI,https://github.com/scrapy/scrapy/issues/5957,2023-08-08 17:19:15+00:00,,,,,,,,False,manual_or_unknown
scrapy,scrapy,scrapy/scrapy,5936,Docs involving Request.cookies are inaccurate,2023-05-18 15:00:43+00:00,2023-10-02 16:40:28+00:00,137.06927083333332,3,bug;docs,https://github.com/scrapy/scrapy/issues/5936,2023-10-02 16:40:28+00:00,,,,,,,,False,manual_or_unknown
scrapy,scrapy,scrapy/scrapy,5933,test_s3_export fails on Windows/asyncio,2023-05-15 10:43:28+00:00,2023-06-25 09:41:24+00:00,40.95689814814815,1,bug;Windows;CI,https://github.com/scrapy/scrapy/issues/5933,2023-06-25 09:41:24+00:00,,,,,,,,False,manual_or_unknown
scrapy,scrapy,scrapy/scrapy,5932,_store_in_thread must not receive a closed file when using postprocessing plugins,2023-05-15 08:24:07+00:00,2024-02-21 13:27:43+00:00,282.21083333333337,2,bug,https://github.com/scrapy/scrapy/issues/5932,2024-02-21 13:27:43+00:00,,,,,,,,False,manual_or_unknown
scrapy,scrapy,scrapy/scrapy,5886,scrapy doesn't see project settings while debugging spiders in vscode,2023-04-05 12:11:26+00:00,2023-05-02 19:05:32+00:00,27.287569444444443,1,bug;docs;needs more info,https://github.com/scrapy/scrapy/issues/5886,2023-05-02 19:05:32+00:00,,,,,,,,False,manual_or_unknown
scrapy,scrapy,scrapy/scrapy,5878,Scrapy docs: 'make htmlview' does not work,2023-03-28 03:22:04+00:00,2023-03-29 08:06:09+00:00,1.1972800925925926,1,bug;good first issue,https://github.com/scrapy/scrapy/issues/5878,2023-03-29 08:06:10+00:00,,,,,,,,False,manual_or_unknown
scrapy,scrapy,scrapy/scrapy,5875,Fix broken JavaScript reference in the docs,2023-03-27 11:07:45+00:00,2023-03-28 10:05:48+00:00,0.9569791666666668,0,bug;good first issue;docs,https://github.com/scrapy/scrapy/issues/5875,2023-03-28 10:05:49+00:00,,,,,,,,False,manual_or_unknown
scrapy,scrapy,scrapy/scrapy,5874,Scrapy does not decode base64 MD5 checksum from GCS,2023-03-27 05:55:22+00:00,2023-04-11 16:25:43+00:00,15.437743055555556,12,bug;good first issue,https://github.com/scrapy/scrapy/issues/5874,2023-04-11 16:25:43+00:00,,,,,,,,False,manual_or_unknown
scrapy,scrapy,scrapy/scrapy,5872,get_func_args does not fully work in CPython,2023-03-26 15:22:09+00:00,2023-04-13 09:44:22+00:00,17.765428240740743,2,bug,https://github.com/scrapy/scrapy/issues/5872,2023-04-13 09:44:22+00:00,,,,,,,,False,manual_or_unknown
scrapy,scrapy,scrapy/scrapy,5857,TLS logging broken with new cryptography,2023-03-24 15:01:33+00:00,2023-03-27 10:44:46+00:00,2.821678240740741,2,bug;good first issue;https,https://github.com/scrapy/scrapy/issues/5857,2023-03-27 10:44:46+00:00,,,,,,,,False,manual_or_unknown
scrapy,scrapy,scrapy/scrapy,5831,Asyncio event loop handling results in hang in scrapy shell with scrapy-playwright,2023-02-16 07:04:15+00:00,2023-03-14 08:31:15+00:00,26.06041666666667,0,bug;asyncio,https://github.com/scrapy/scrapy/issues/5831,2023-03-14 08:31:15+00:00,,,,,,,,False,manual_or_unknown
scrapy,scrapy,scrapy/scrapy,5825,Tests fail/hang after merging #5816,2023-02-04 20:42:58+00:00,2023-02-14 08:40:40+00:00,9.49840277777778,0,bug;CI,https://github.com/scrapy/scrapy/issues/5825,2023-02-14 08:40:40+00:00,,,,,,,,False,manual_or_unknown
scrapy,scrapy,scrapy/scrapy,5819,Scrapy parse doesn't support async callbacks with yield,2023-01-31 11:28:32+00:00,2023-03-10 15:20:17+00:00,38.1609375,2,bug;asyncio,https://github.com/scrapy/scrapy/issues/5819,2023-03-10 15:20:17+00:00,,,,,,,,False,manual_or_unknown
scrapy,scrapy,scrapy/scrapy,5811,`BaseSettings.setdefault` does nothing,2023-01-28 00:18:46+00:00,2023-03-07 09:27:01+00:00,38.38072916666667,5,bug;good first issue,https://github.com/scrapy/scrapy/issues/5811,2023-03-07 09:27:01+00:00,,,,,,,,False,manual_or_unknown
scrapy,scrapy,scrapy/scrapy,5785,pypy3-pinned OpenSSL error,2023-01-06 14:08:19+00:00,2023-01-07 19:48:41+00:00,1.236365740740741,0,bug;CI,https://github.com/scrapy/scrapy/issues/5785,2023-01-07 19:48:41+00:00,,,,,,,,False,manual_or_unknown
scrapy,scrapy,scrapy/scrapy,5765,AsyncioTest failures,2022-12-19 08:42:09+00:00,2023-01-06 18:51:09+00:00,18.422916666666666,1,bug;CI;asyncio,https://github.com/scrapy/scrapy/issues/5765,2023-01-06 18:51:09+00:00,,,,,,,,False,manual_or_unknown
scrapy,scrapy,scrapy/scrapy,5762,reppy problems in CI,2022-12-15 14:32:47+00:00,2023-01-02 15:13:46+00:00,18.028460648148148,0,bug;CI,https://github.com/scrapy/scrapy/issues/5762,2023-01-02 15:13:46+00:00,,,,,,,,False,manual_or_unknown
scrapy,scrapy,scrapy/scrapy,5750,test_follow_whitespace_* tests broken by new w3lib,2022-12-09 13:41:40+00:00,2022-12-12 18:49:25+00:00,3.2137152777777778,2,bug;CI,https://github.com/scrapy/scrapy/issues/5750,2022-12-12 18:49:25+00:00,,,,,,,,False,manual_or_unknown
scrapy,scrapy,scrapy/scrapy,5749,Fix CI for the tox 4.0 changes,2022-12-09 07:17:29+00:00,2023-01-06 18:53:21+00:00,28.48324074074074,2,bug;CI,https://github.com/scrapy/scrapy/issues/5749,2023-01-06 18:53:21+00:00,,,,,,,,False,manual_or_unknown
scrapy,scrapy,scrapy/scrapy,5740,asyncio exception in scrapy shell,2022-11-29 18:32:23+00:00,2022-12-15 05:22:02+00:00,15.451145833333332,3,bug;help wanted;Windows;asyncio,https://github.com/scrapy/scrapy/issues/5740,2022-12-15 05:22:02+00:00,,,,,,,,False,manual_or_unknown
scrapy,scrapy,scrapy/scrapy,5709,"scrapy -h outputs a stray ""commands""",2022-11-09 09:31:44+00:00,2022-11-10 14:38:48+00:00,1.2132407407407408,0,bug;good first issue,https://github.com/scrapy/scrapy/issues/5709,2022-11-10 14:38:48+00:00,,,,,,,,False,manual_or_unknown
scrapy,scrapy,scrapy/scrapy,5707,Possibly contradictory documentation about propagation of `Response.request`,2022-11-08 09:26:05+00:00,2023-06-21 18:05:41+00:00,225.3608333333333,8,bug;docs,https://github.com/scrapy/scrapy/issues/5707,2023-06-21 18:05:41+00:00,,,,,,,,False,manual_or_unknown
scrapy,scrapy,scrapy/scrapy,5685,DeprecationWarning: There is no current event loop,2022-10-20 07:25:25+00:00,2022-10-27 12:02:13+00:00,7.192222222222223,7,bug;cleanup;asyncio,https://github.com/scrapy/scrapy/issues/5685,2022-10-27 12:02:13+00:00,,,,,,,,False,manual_or_unknown
scrapy,scrapy,scrapy/scrapy,5612,A test fails with new w3lib,2022-08-29 07:02:15+00:00,2022-09-07 07:58:12+00:00,9.038854166666669,0,bug;CI,https://github.com/scrapy/scrapy/issues/5612,2022-09-07 07:58:12+00:00,,,,,,,,False,manual_or_unknown
scrapy,scrapy,scrapy/scrapy,5602,Clarify the return type of callbacks,2022-08-18 05:28:21+00:00,2022-10-02 19:19:09+00:00,45.57694444444444,2,bug;good first issue;docs,https://github.com/scrapy/scrapy/issues/5602,2022-10-02 19:19:09+00:00,,,,,,,,False,manual_or_unknown
scrapy,scrapy,scrapy/scrapy,5515,Response.headers loses data on multiple values,2022-06-06 11:25:01+00:00,2022-06-27 18:03:01+00:00,21.27638888888889,0,bug,https://github.com/scrapy/scrapy/issues/5515,2022-06-27 18:03:01+00:00,,,,,,,,False,manual_or_unknown
scrapy,scrapy,scrapy/scrapy,5500,Postprocessing feeds do not work for S3 feed storage,2022-05-14 02:59:10+00:00,2023-04-11 11:06:14+00:00,332.3382407407408,1,bug,https://github.com/scrapy/scrapy/issues/5500,2023-04-11 11:06:14+00:00,,,,,,,,False,manual_or_unknown
scrapy,scrapy,scrapy/scrapy,5464,2.6 introduced an undocumented field rename in request serialization,2022-04-05 12:38:17+00:00,2022-04-13 17:17:44+00:00,8.1940625,4,bug;docs,https://github.com/scrapy/scrapy/issues/5464,2022-04-13 17:17:45+00:00,,,,,,,,False,manual_or_unknown
scrapy,scrapy,scrapy/scrapy,5454,test_proxy_connect.py hangs with mitmproxy 8.0.0 (affecting 3.8 tests),2022-03-21 06:16:36+00:00,2024-01-12 10:26:41+00:00,662.1736689814815,4,bug;CI,https://github.com/scrapy/scrapy/issues/5454,2024-01-12 10:26:41+00:00,,,,,,,,False,manual_or_unknown
scrapy,scrapy,scrapy/scrapy,5444,-o - broken in 2.6,2022-03-08 08:19:36+00:00,2022-03-15 10:31:07+00:00,7.091331018518518,0,bug,https://github.com/scrapy/scrapy/issues/5444,2022-03-15 10:31:07+00:00,,,,,,,,False,manual_or_unknown
scrapy,scrapy,scrapy/scrapy,5437,CLOSESPIDER_TIMEOUT problem.,2022-03-03 13:16:39+00:00,2022-04-08 09:55:06+00:00,35.860034722222224,9,bug,https://github.com/scrapy/scrapy/issues/5437,2022-04-08 09:55:06+00:00,,,,,,,,False,manual_or_unknown
scrapy,scrapy,scrapy/scrapy,5435,2.6.0 breaks calling multiple Spider in CrawlerProcess(),2022-03-02 09:58:06+00:00,2022-04-07 15:00:09+00:00,36.20975694444444,11,bug,https://github.com/scrapy/scrapy/issues/5435,2022-04-07 15:00:09+00:00,,,,,,,,False,manual_or_unknown
scrapy,scrapy,scrapy/scrapy,5425,ImportError: cannot import name 'soft_unicode' from 'markupsafe',2022-02-22 13:50:45+00:00,2022-02-23 18:52:18+00:00,1.2094097222222222,3,bug;CI,https://github.com/scrapy/scrapy/issues/5425,2022-02-23 18:52:18+00:00,,,,,,,,False,manual_or_unknown
scrapy,scrapy,scrapy/scrapy,5424,scrapy parse doesn't support async callbacks,2022-02-21 10:50:47+00:00,2022-10-15 08:11:07+00:00,235.8891203703704,2,bug;asyncio,https://github.com/scrapy/scrapy/issues/5424,2022-10-15 08:11:07+00:00,,,,,,,,False,manual_or_unknown
scrapy,scrapy,scrapy/scrapy,5414,Change external link (for robots.txt parser comparison) in docs to a more lasting page,2022-02-13 08:42:54+00:00,2022-02-14 18:16:53+00:00,1.398599537037037,2,bug;good first issue;docs,https://github.com/scrapy/scrapy/issues/5414,2022-02-14 18:16:53+00:00,,,,,,,,False,manual_or_unknown
scrapy,scrapy,scrapy/scrapy,5404,tests/test_command_check.py::CheckCommandTest depends on example.com,2022-02-08 18:09:45+00:00,2022-02-10 09:50:12+00:00,1.6530902777777776,2,bug;CI,https://github.com/scrapy/scrapy/issues/5404,2022-02-10 09:50:12+00:00,,,,,,,,False,manual_or_unknown
scrapy,scrapy,scrapy/scrapy,5402,API documentation links seem broken,2022-02-08 17:29:58+00:00,2025-01-08 11:00:07+00:00,1064.7292708333332,1,bug;docs,https://github.com/scrapy/scrapy/issues/5402,2025-01-08 11:00:07+00:00,,,,,,,,False,manual_or_unknown
scrapy,scrapy,scrapy/scrapy,5400,Tests broken with Twisted 22.1.0,2022-02-07 13:48:23+00:00,2022-02-08 19:06:25+00:00,1.2208564814814815,2,bug;CI,https://github.com/scrapy/scrapy/issues/5400,2022-02-08 19:06:25+00:00,,,,,,,,False,manual_or_unknown
scrapy,scrapy,scrapy/scrapy,5391,Incorrect initialization of `csviter` in `scrapy.spiders.feed.CSVFeedSpider`,2022-02-05 13:32:04+00:00,2022-02-08 13:57:19+00:00,3.0175347222222224,0,bug;good first issue,https://github.com/scrapy/scrapy/issues/5391,2022-02-08 13:57:19+00:00,,,,,,,,False,manual_or_unknown
scrapy,scrapy,scrapy/scrapy,5386,Fix SMTP STARTTLS for Twisted >= 21.2.0,2022-02-01 16:09:00+00:00,2023-01-19 18:44:59+00:00,352.10832175925924,14,bug;good first issue,https://github.com/scrapy/scrapy/issues/5386,2023-01-19 18:45:00+00:00,,,,,,,,False,manual_or_unknown
scrapy,scrapy,scrapy/scrapy,5383,Type error when we try to retrieve the `FEEDS` setting via CLI and it has a `Path` objects as a key,2022-01-30 11:41:20+00:00,2022-02-04 08:57:57+00:00,4.886539351851852,2,bug,https://github.com/scrapy/scrapy/issues/5383,2022-02-04 08:57:58+00:00,,,,,,,,False,manual_or_unknown
scrapy,scrapy,scrapy/scrapy,5379,Proxy + invalid domain makes Downloader stuck,2022-01-26 07:06:54+00:00,2026-04-14 15:13:23+00:00,1539.337835648148,3,bug,https://github.com/scrapy/scrapy/issues/5379,2026-04-14 15:13:23+00:00,,,,,,,,False,manual_or_unknown
scrapy,scrapy,scrapy/scrapy,5323,Warning: Unable to determine whether or not callable is a generator with a return value [unable to parse decorated class methods],2021-11-17 04:06:32+00:00,2022-10-26 07:47:10+00:00,343.1532175925926,2,bug,https://github.com/scrapy/scrapy/issues/5323,2022-10-26 07:47:10+00:00,,,,,,,,False,manual_or_unknown
scrapy,scrapy,scrapy/scrapy,5319,Open in Browser `<base>` replacement will fail if `<head>` has attributes,2021-11-15 10:09:46+00:00,2021-12-21 12:49:32+00:00,36.11094907407408,1,bug,https://github.com/scrapy/scrapy/issues/5319,2021-12-21 12:49:32+00:00,,,,,,,,False,manual_or_unknown
scrapy,scrapy,scrapy/scrapy,5306,macOS Python 3.10 tests always fail,2021-10-31 10:25:59+00:00,2024-10-16 19:32:30+00:00,1081.3795254629629,7,bug;macOS,https://github.com/scrapy/scrapy/issues/5306,2024-10-16 19:32:31+00:00,,,,,,,,False,manual_or_unknown
scrapy,scrapy,scrapy/scrapy,5298,Tests failing with new Sybil,2021-10-27 14:35:27+00:00,2021-11-04 14:00:14+00:00,7.975543981481482,4,bug;CI,https://github.com/scrapy/scrapy/issues/5298,2021-11-04 14:00:15+00:00,,,,,,,,False,manual_or_unknown
scrapy,scrapy,scrapy/scrapy,5286,HTTPS TorGuard proxies time out,2021-10-20 19:11:23+00:00,2022-03-08 09:22:57+00:00,138.59136574074074,16,bug,https://github.com/scrapy/scrapy/issues/5286,2022-03-08 09:22:57+00:00,,,,,,,,False,manual_or_unknown
scrapy,scrapy,scrapy/scrapy,5273,Doctest failure,2021-10-12 12:53:24+00:00,2021-10-12 17:20:09+00:00,0.1852430555555555,2,bug;good first issue;docs;CI,https://github.com/scrapy/scrapy/issues/5273,2021-10-12 17:20:09+00:00,,,,,,,,False,manual_or_unknown
scrapy,scrapy,scrapy/scrapy,5237,Scrapy > 2.3 prevents passing callback in cb_kwargs,2021-08-31 14:26:16+00:00,2021-10-01 07:50:42+00:00,30.725300925925925,3,bug,https://github.com/scrapy/scrapy/issues/5237,2021-10-01 07:50:42+00:00,,,,,,,,False,manual_or_unknown
scrapy,scrapy,scrapy/scrapy,5220,XPath tutorial xpathdemo live widget does not display Result,2021-08-01 08:48:29+00:00,2025-01-14 11:44:44+00:00,1262.1223958333333,5,bug;docs;upstream issue,https://github.com/scrapy/scrapy/issues/5220,2025-01-14 11:44:44+00:00,,,,,,,,False,manual_or_unknown
scrapy,scrapy,scrapy/scrapy,5212,Test failures on 3.10,2021-07-20 07:44:51+00:00,2021-08-11 09:19:51+00:00,22.065972222222225,0,bug;CI,https://github.com/scrapy/scrapy/issues/5212,2021-08-11 09:19:51+00:00,,,,,,,,False,manual_or_unknown
scrapy,scrapy,scrapy/scrapy,5180,versionadded inside a warning in CrawlSpider docs,2021-06-15 08:58:17+00:00,2021-06-29 12:54:23+00:00,14.163958333333332,1,bug;good first issue;docs,https://github.com/scrapy/scrapy/issues/5180,2021-06-29 12:54:23+00:00,,,,,,,,False,manual_or_unknown
scrapy,scrapy,scrapy/scrapy,5157,FileFeedStoragePreFeedOptionsTest fails if /tmp/foobar already exists with different ownership,2021-05-23 13:23:03+00:00,2021-08-05 19:23:12+00:00,74.25010416666667,0,bug;good first issue;CI,https://github.com/scrapy/scrapy/issues/5157,2021-08-05 19:23:12+00:00,,,,,,,,False,manual_or_unknown
scrapy,scrapy,scrapy/scrapy,5154,Problem when running tests,2021-05-20 23:51:39+00:00,2023-10-29 17:06:14+00:00,891.7184606481482,7,bug;CI,https://github.com/scrapy/scrapy/issues/5154,2023-10-29 17:06:14+00:00,,,,,,,,False,manual_or_unknown
scrapy,scrapy,scrapy/scrapy,5105,Scrapy is definitely slow when working from cache,2021-04-20 11:06:33+00:00,2021-04-26 18:09:23+00:00,6.293634259259259,20,bug,https://github.com/scrapy/scrapy/issues/5105,2021-04-26 18:09:23+00:00,,,,,,,,False,manual_or_unknown
scrapy,scrapy,scrapy/scrapy,5096,Wrong charset handling in MailSender,2021-04-11 15:50:51+00:00,2023-09-07 05:47:44+00:00,878.5811689814815,6,bug,https://github.com/scrapy/scrapy/issues/5096,2023-09-07 05:47:44+00:00,,,,,,,,False,manual_or_unknown
scrapy,scrapy,scrapy/scrapy,5085,HTTP2 test failures with some OpenSSL,2021-04-07 11:41:25+00:00,2021-04-14 17:02:00+00:00,7.222627314814815,2,bug;CI,https://github.com/scrapy/scrapy/issues/5085,2021-04-14 17:02:00+00:00,,,,,,,,False,manual_or_unknown
scrapy,scrapy,scrapy/scrapy,5080,Allow building the documentation with make in systems without /bin/bash,2021-04-05 09:46:24+00:00,2021-04-21 09:30:50+00:00,15.989189814814814,2,bug;docs,https://github.com/scrapy/scrapy/issues/5080,2021-04-21 09:30:50+00:00,,,,,,,,False,manual_or_unknown
scrapy,scrapy,scrapy/scrapy,5079,ImagePipeline breaks on invalid images,2021-04-05 07:08:04+00:00,2021-07-13 16:27:56+00:00,99.38879629629628,24,bug;good first issue,https://github.com/scrapy/scrapy/issues/5079,2021-07-13 16:27:56+00:00,,,,,,,,False,manual_or_unknown
scrapy,scrapy,scrapy/scrapy,5043,S3 CsvItemExporter read of closed file error,2021-03-16 22:39:50+00:00,2023-06-13 14:14:29+00:00,818.6490625,22,bug,https://github.com/scrapy/scrapy/issues/5043,2023-06-13 14:14:29+00:00,,,,,,,,False,manual_or_unknown
scrapy,scrapy,scrapy/scrapy,5032,Fix and re-enable tests on macOS,2021-03-09 14:24:14+00:00,2024-10-16 19:55:11+00:00,1317.229826388889,3,bug;CI,https://github.com/scrapy/scrapy/issues/5032,2024-10-16 19:55:11+00:00,,,,,,,,False,manual_or_unknown
scrapy,scrapy,scrapy/scrapy,5020,"test_pipeline_images.py fails with ""TypeError: Skipped expected string as 'msg' parameter, got 'bool' instead.""",2021-03-02 12:51:14+00:00,2021-03-19 17:39:44+00:00,17.200347222222224,10,bug;CI,https://github.com/scrapy/scrapy/issues/5020,2021-03-19 17:39:44+00:00,,,,,,,,False,manual_or_unknown
scrapy,scrapy,scrapy/scrapy,4976,Fix and document asyncio reactor problems on Windows,2021-02-04 15:08:05+00:00,2021-12-31 19:38:10+00:00,330.1875578703704,13,bug;Windows,https://github.com/scrapy/scrapy/issues/4976,2021-12-31 19:38:10+00:00,,,,,,,,False,manual_or_unknown
scrapy,scrapy,scrapy/scrapy,4962,FEED_URI_PARAMS: custom params throws KeyError,2021-01-22 18:24:19+00:00,2022-01-28 17:30:30+00:00,370.9626273148148,9,bug;good first issue,https://github.com/scrapy/scrapy/issues/4962,2022-01-28 17:30:30+00:00,,,,,,,,False,manual_or_unknown
scrapy,scrapy,scrapy/scrapy,4920,Shell fetch does not use http_proxy,2020-12-09 14:45:19+00:00,2020-12-13 09:25:46+00:00,3.778090277777778,1,bug,https://github.com/scrapy/scrapy/issues/4920,2020-12-13 09:25:46+00:00,,,,,,,,False,manual_or_unknown
scrapy,scrapy,scrapy/scrapy,4907,Typo in XML exporter serialize_field in Scrapy docs,2020-11-27 10:31:38+00:00,2020-11-29 20:28:13+00:00,2.414293981481481,2,bug;good first issue;docs,https://github.com/scrapy/scrapy/issues/4907,2020-11-29 20:28:13+00:00,,,,,,,,False,manual_or_unknown
scrapy,scrapy,scrapy/scrapy,4893,Corutines not working with signal spider_opened - spider freezes,2020-11-18 10:42:15+00:00,2020-11-18 11:11:00+00:00,0.0199652777777777,3,bug;asyncio,https://github.com/scrapy/scrapy/issues/4893,2020-11-18 11:11:00+00:00,,,,,,,,False,manual_or_unknown
scrapy,scrapy,scrapy/scrapy,4892,Update all links in installation guide,2020-11-18 08:12:49+00:00,2020-12-03 09:56:37+00:00,15.072083333333332,3,bug;good first issue;docs,https://github.com/scrapy/scrapy/issues/4892,2020-12-03 09:56:37+00:00,,,,,,,,False,manual_or_unknown
scrapy,scrapy,scrapy/scrapy,4887,Not started engine if async open_spider,2020-11-14 08:08:11+00:00,2020-11-16 14:38:00+00:00,2.2707060185185184,2,bug;asyncio,https://github.com/scrapy/scrapy/issues/4887,2020-11-16 14:38:00+00:00,,,,,,,,False,manual_or_unknown
scrapy,scrapy,scrapy/scrapy,4857,Cannot overwrite an output file with -O,2020-10-27 17:43:05+00:00,2020-11-04 21:29:37+00:00,8.157314814814814,0,bug,https://github.com/scrapy/scrapy/issues/4857,2020-11-04 21:29:37+00:00,,,,,,,,False,manual_or_unknown
scrapy,scrapy,scrapy/scrapy,4841,tests/test_downloadermiddleware.py bug with Twisted 17.9.0 ,2020-10-10 18:54:44+00:00,2020-11-18 06:38:10+00:00,38.488495370370366,5,bug;CI,https://github.com/scrapy/scrapy/issues/4841,2020-11-18 06:38:10+00:00,,,,,,,,False,manual_or_unknown
scrapy,scrapy,scrapy/scrapy,4833,xmliter_lxml cannot find namespaced node names,2020-10-06 16:50:02+00:00,2024-02-14 19:21:06+00:00,1226.1049074074074,1,bug,https://github.com/scrapy/scrapy/issues/4833,2024-02-14 19:21:06+00:00,,,,,,,,False,manual_or_unknown
scrapy,scrapy,scrapy/scrapy,4829,CSV item exporter does not flush on close,2020-10-05 18:19:06+00:00,2021-02-24 20:49:59+00:00,142.1047800925926,9,bug;good first issue;docs,https://github.com/scrapy/scrapy/issues/4829,2021-02-24 20:50:00+00:00,,,,,,,,False,manual_or_unknown
scrapy,scrapy,scrapy/scrapy,4805,Wrong annotations in scrapy.crawler.CrawlProcess.crawl docstrings,2020-09-23 15:38:45+00:00,2020-10-01 18:46:15+00:00,8.130208333333334,5,bug;help wanted;typing,https://github.com/scrapy/scrapy/issues/4805,2020-10-01 18:46:15+00:00,,,,,,,,False,manual_or_unknown
scrapy,scrapy,scrapy/scrapy,4802,CachingHostnameResolver does not work with reactor.resolve(),2020-09-21 04:11:07+00:00,2020-10-20 08:55:08+00:00,29.1972337962963,4,bug;upstream issue,https://github.com/scrapy/scrapy/issues/4802,2020-10-20 08:55:08+00:00,,,,,,,,False,manual_or_unknown
scrapy,scrapy,scrapy/scrapy,4766,Invalid cookies ('value' missing) - Added in 2.3.0 - scrapy/downloadermiddlewares/cookies.py ,2020-08-29 16:41:38+00:00,2020-10-02 18:38:14+00:00,34.08097222222222,2,bug,https://github.com/scrapy/scrapy/issues/4766,2020-10-02 18:38:14+00:00,,,,,,,,False,manual_or_unknown
scrapy,scrapy,scrapy/scrapy,4763,Scrapy parses commented out <base> element,2020-08-28 11:32:50+00:00,2023-01-29 21:23:47+00:00,884.4103819444445,4,bug;upstream issue,https://github.com/scrapy/scrapy/issues/4763,2023-01-29 21:23:47+00:00,,,,,,,,False,manual_or_unknown
scrapy,scrapy,scrapy/scrapy,4762,request fingerprint should separate different sections when building a hash,2020-08-27 19:27:58+00:00,2022-06-07 16:44:55+00:00,648.8867708333333,4,bug,https://github.com/scrapy/scrapy/issues/4762,2022-06-07 16:44:55+00:00,,,,,,,,False,manual_or_unknown
scrapy,scrapy,scrapy/scrapy,4760,Error when use scrapy in cmd,2020-08-26 12:59:01+00:00,2020-08-28 09:33:22+00:00,1.8571875,3,bug;Windows;needs more info,https://github.com/scrapy/scrapy/issues/4760,2020-08-28 09:33:22+00:00,,,,,,,,False,manual_or_unknown
scrapy,scrapy,scrapy/scrapy,4726,Test failures on Debian Unstable,2020-08-14 09:57:38+00:00,2020-08-25 06:48:31+00:00,10.868668981481482,0,bug;CI,https://github.com/scrapy/scrapy/issues/4726,2020-08-25 06:48:31+00:00,,,,,,,,False,manual_or_unknown
scrapy,scrapy,scrapy/scrapy,4717,Request cookies not updated with values from previous response,2020-08-10 11:51:38+00:00,2020-10-08 15:20:33+00:00,59.14508101851852,4,bug,https://github.com/scrapy/scrapy/issues/4717,2020-10-08 15:20:33+00:00,,,,,,,,False,manual_or_unknown
scrapy,scrapy,scrapy/scrapy,4702,Tests fail because of pytest 6.0.0,2020-07-29 10:53:38+00:00,2020-07-30 06:27:26+00:00,0.8151388888888889,6,bug;CI,https://github.com/scrapy/scrapy/issues/4702,2020-07-30 06:27:26+00:00,,,,,,,,False,manual_or_unknown
scrapy,scrapy,scrapy/scrapy,4671,Add docs for FEEDS.uri_params and FEED_URI_PARAMS,2020-07-09 08:50:52+00:00,2020-08-14 09:47:56+00:00,36.03962962962963,1,bug;docs,https://github.com/scrapy/scrapy/issues/4671,2020-08-14 09:47:56+00:00,,,,,,,,False,manual_or_unknown
scrapy,scrapy,scrapy/scrapy,4667,List of fields incorrectly accessed for dataclass items,2020-07-08 15:44:07+00:00,2020-07-28 09:15:14+00:00,19.72994212962963,1,bug,https://github.com/scrapy/scrapy/issues/4667,2020-07-28 09:15:15+00:00,,,,,,,,False,manual_or_unknown
scrapy,scrapy,scrapy/scrapy,4665,startproject only allows creating the project on an existing folder if the path is specified with an invalid module name,2020-07-07 11:57:51+00:00,2021-08-24 07:18:49+00:00,412.8062268518518,3,bug,https://github.com/scrapy/scrapy/issues/4665,2021-08-24 07:18:49+00:00,,,,,,,,False,manual_or_unknown
scrapy,scrapy,scrapy/scrapy,4662,scrapy startproject alters executable permissions in local virtualenv,2020-07-06 17:34:57+00:00,2020-07-13 11:01:06+00:00,6.726493055555555,1,bug,https://github.com/scrapy/scrapy/issues/4662,2020-07-13 11:01:07+00:00,,,,,,,,False,manual_or_unknown
scrapy,scrapy,scrapy/scrapy,4644,test_integration_downloader_aware_priority_queue raises exception,2020-06-23 12:56:02+00:00,2020-06-25 13:36:44+00:00,2.028263888888889,0,bug,https://github.com/scrapy/scrapy/issues/4644,2020-06-25 13:36:44+00:00,,,,,,,,False,manual_or_unknown
scrapy,scrapy,scrapy/scrapy,4643,Allow run pyw scripts,2020-06-22 16:03:21+00:00,2020-10-01 18:53:09+00:00,101.11791666666666,4,bug;Windows,https://github.com/scrapy/scrapy/issues/4643,2020-10-01 18:53:09+00:00,,,,,,,,False,manual_or_unknown
scrapy,scrapy,scrapy/scrapy,4621,Storage.store is called only for the first feed when empty,2020-06-10 07:57:56+00:00,2020-06-17 15:08:15+00:00,7.298831018518519,2,bug,https://github.com/scrapy/scrapy/issues/4621,2020-06-17 15:08:15+00:00,,,,,,,,False,manual_or_unknown
scrapy,scrapy,scrapy/scrapy,4619,Duplicated feed logs when having multiple feeds,2020-06-09 16:27:31+00:00,2020-06-23 10:33:49+00:00,13.754375,1,bug,https://github.com/scrapy/scrapy/issues/4619,2020-06-23 10:33:49+00:00,,,,,,,,False,manual_or_unknown
scrapy,scrapy,scrapy/scrapy,4597,KeyError in is_generator_with_return_value,2020-05-27 06:56:02+00:00,2020-05-27 16:42:05+00:00,0.4069791666666666,0,bug,https://github.com/scrapy/scrapy/issues/4597,2020-05-27 16:42:05+00:00,,,,,,,,False,manual_or_unknown
scrapy,scrapy,scrapy/scrapy,4592,Remove unneeded escape sequences from documentation API signatures,2020-05-22 14:54:13+00:00,2020-06-01 21:30:34+00:00,10.275243055555556,2,bug;good first issue;docs,https://github.com/scrapy/scrapy/issues/4592,2020-06-01 21:30:34+00:00,,,,,,,,False,manual_or_unknown
scrapy,scrapy,scrapy/scrapy,4578,Downloadable documentation is missing for versions 2.0 and 2.1 on readthedocs.org,2020-05-14 23:43:56+00:00,2020-05-19 15:45:21+00:00,4.667650462962963,4,bug;docs,https://github.com/scrapy/scrapy/issues/4578,2020-05-19 15:45:21+00:00,,,,,,,,False,manual_or_unknown
scrapy,scrapy,scrapy/scrapy,4570,Flake8 build error in Travis,2020-05-12 13:32:53+00:00,2020-05-13 21:02:04+00:00,1.3119328703703703,6,bug;upstream issue,https://github.com/scrapy/scrapy/issues/4570,2020-05-13 21:02:04+00:00,,,,,,,,False,manual_or_unknown
scrapy,scrapy,scrapy/scrapy,4547,Review unicode references,2020-05-07 09:47:03+00:00,2020-08-04 18:34:12+00:00,89.36607638888889,7,bug;docs,https://github.com/scrapy/scrapy/issues/4547,2020-08-04 18:34:12+00:00,,,,,,,,False,manual_or_unknown
scrapy,scrapy,scrapy/scrapy,4514,Outdated item pipeline example about Deferred,2020-04-27 14:53:50+00:00,2020-05-22 18:12:58+00:00,25.138287037037035,4,bug;good first issue;docs,https://github.com/scrapy/scrapy/issues/4514,2020-05-22 18:12:59+00:00,,,,,,,,False,manual_or_unknown
scrapy,scrapy,scrapy/scrapy,4511,Remove the asyncio warning from the page about coroutines,2020-04-23 16:29:00+00:00,2020-04-27 17:45:19+00:00,4.052997685185185,0,bug;good first issue;docs,https://github.com/scrapy/scrapy/issues/4511,2020-04-27 17:45:19+00:00,,,,,,,,False,manual_or_unknown
scrapy,scrapy,scrapy/scrapy,4510,configure_logging documentation example incomplete,2020-04-21 18:18:48+00:00,2020-05-20 17:23:43+00:00,28.961747685185184,1,bug;docs,https://github.com/scrapy/scrapy/issues/4510,2020-05-20 17:23:43+00:00,,,,,,,,False,manual_or_unknown
scrapy,scrapy,scrapy/scrapy,4496,Fix the hoverxref configuration,2020-04-15 18:00:50+00:00,2020-04-16 13:19:46+00:00,0.8048148148148148,0,bug;docs,https://github.com/scrapy/scrapy/issues/4496,2020-04-16 13:19:47+00:00,,,,,,,,False,manual_or_unknown
scrapy,scrapy,scrapy/scrapy,4485,TWISTED_REACTOR setting not honored from Spider.custom_settings,2020-04-12 03:17:20+00:00,2022-01-06 06:31:59+00:00,634.1351736111111,15,bug;asyncio,https://github.com/scrapy/scrapy/issues/4485,2022-01-06 06:32:00+00:00,,,,,,,,False,manual_or_unknown
scrapy,scrapy,scrapy/scrapy,4477,is_generator_with_return_value raises IndentationError with a flush left doc string,2020-04-08 02:04:08+00:00,2021-03-22 14:51:12+00:00,348.5326851851852,4,bug,https://github.com/scrapy/scrapy/issues/4477,2021-03-22 14:51:12+00:00,,,,,,,,False,manual_or_unknown
scrapy,scrapy,scrapy/scrapy,4475,The documentation cannot be built with Sphinx 3,2020-04-06 00:29:27+00:00,2020-04-15 17:42:50+00:00,9.717627314814814,5,bug;docs;upstream issue,https://github.com/scrapy/scrapy/issues/4475,2020-04-15 17:42:50+00:00,,,,,,,,False,manual_or_unknown
scrapy,scrapy,scrapy/scrapy,4408,follow_all fails with an empty list of URLs,2020-03-06 16:36:29+00:00,2020-03-12 13:44:49+00:00,5.880787037037037,0,bug,https://github.com/scrapy/scrapy/issues/4408,2020-03-12 13:44:50+00:00,,,,,,,,False,manual_or_unknown
scrapy,scrapy,scrapy/scrapy,4393,scrapy parse emits ANSI color sequences in the Windows terminal,2020-03-02 10:45:39+00:00,2020-07-28 11:13:20+00:00,148.01922453703705,8,bug;Windows,https://github.com/scrapy/scrapy/issues/4393,2020-07-28 11:13:20+00:00,,,,,,,,False,manual_or_unknown
scrapy,scrapy,scrapy/scrapy,4346,FilesDownloader with GCS downloading updtodate files again,2020-02-19 13:55:38+00:00,2020-05-07 09:06:12+00:00,77.79900462962964,10,bug,https://github.com/scrapy/scrapy/issues/4346,2020-05-07 09:06:12+00:00,,,,,,,,False,manual_or_unknown
scrapy,scrapy,scrapy/scrapy,4332,ie. → i.e.,2020-02-14 21:34:24+00:00,2020-02-19 15:49:20+00:00,4.76037037037037,5,bug;good first issue;docs,https://github.com/scrapy/scrapy/issues/4332,2020-02-19 15:49:20+00:00,,,,,,,,False,manual_or_unknown
scrapy,scrapy,scrapy/scrapy,4308,"Mac OS X, OS X → macOS",2020-02-06 08:23:42+00:00,2020-02-28 19:42:08+00:00,22.47113425925926,2,bug;good first issue;docs,https://github.com/scrapy/scrapy/issues/4308,2020-02-28 19:42:08+00:00,,,,,,,,False,manual_or_unknown
scrapy,scrapy,scrapy/scrapy,4289,Fatal error launching scrapy>1.6.0 from Anaconda Prompt,2020-01-26 14:30:25+00:00,2020-04-09 19:45:16+00:00,74.21864583333333,9,bug;install,https://github.com/scrapy/scrapy/issues/4289,2020-04-09 19:45:17+00:00,,,,,,,,False,manual_or_unknown
scrapy,scrapy,scrapy/scrapy,4285,"Fix ""Debugging memory leaks with Guppy"" section (docs)",2020-01-24 10:37:54+00:00,2020-04-03 02:27:47+00:00,69.6596412037037,6,bug;good first issue;docs,https://github.com/scrapy/scrapy/issues/4285,2020-04-03 02:27:47+00:00,,,,,,,,False,manual_or_unknown
scrapy,scrapy,scrapy/scrapy,4277,Response.follow() method not consistent with Request.__init__(). Missing `flags`.,2020-01-17 13:28:19+00:00,2020-02-10 18:48:32+00:00,24.22237268518519,4,bug;good first issue;help wanted,https://github.com/scrapy/scrapy/issues/4277,2020-02-10 18:48:32+00:00,,,,,,,,False,manual_or_unknown
scrapy,scrapy,scrapy/scrapy,4268,Random failures in CrawlTestCase.test_fixed_delay,2020-01-09 11:21:43+00:00,2020-02-28 12:17:03+00:00,50.03842592592593,15,bug;good first issue,https://github.com/scrapy/scrapy/issues/4268,2020-02-28 12:17:03+00:00,,,,,,,,False,manual_or_unknown
scrapy,scrapy,scrapy/scrapy,4264,Document that Scrapy 1.7.0 breaks custom schedulers,2020-01-02 19:34:01+00:00,2020-02-06 21:21:34+00:00,35.0746875,2,bug;docs,https://github.com/scrapy/scrapy/issues/4264,2020-02-06 21:21:34+00:00,,,,,,,,False,manual_or_unknown
scrapy,scrapy,scrapy/scrapy,4260,First Spider Middleware does not process exception for generator callback,2019-12-30 10:02:52+00:00,2020-02-07 18:40:51+00:00,39.35971064814815,4,bug,https://github.com/scrapy/scrapy/issues/4260,2020-02-07 18:40:51+00:00,,,,,,,,False,manual_or_unknown
scrapy,scrapy,scrapy/scrapy,4229,mail attachs tcmime***,2019-12-13 12:39:22+00:00,2019-12-17 14:43:31+00:00,4.086215277777778,5,bug,https://github.com/scrapy/scrapy/issues/4229,2019-12-17 14:43:31+00:00,,,,,,,,False,manual_or_unknown
scrapy,scrapy,scrapy/scrapy,4217,DOWNLOAD_FAIL_ON_DATALOSS logged for all requests,2019-12-05 19:38:32+00:00,2026-05-02 21:11:44+00:00,2340.0647222222224,4,bug,https://github.com/scrapy/scrapy/issues/4217,2026-05-02 21:11:44+00:00,,,,,,,,False,manual_or_unknown
scrapy,scrapy,scrapy/scrapy,4175,Scrapy does not use a non-zero exit code when pipeline's open_spider throws the exception,2019-11-19 08:10:32+00:00,2020-02-25 19:46:06+00:00,98.4830324074074,4,bug,https://github.com/scrapy/scrapy/issues/4175,2020-02-25 19:46:06+00:00,,,,,,,,False,manual_or_unknown
scrapy,scrapy,scrapy/scrapy,4145,only version 1.8.0   robots.txt forbidden,2019-11-12 01:11:25+00:00,2019-12-09 12:32:11+00:00,27.47275462962963,2,bug;upstream issue,https://github.com/scrapy/scrapy/issues/4145,2019-12-09 12:32:11+00:00,,,,,,,,False,manual_or_unknown
scrapy,scrapy,scrapy/scrapy,4124,Fix wrong fact in JOBDIR documentation about requests needing to be pickle-serializable,2019-11-04 20:19:06+00:00,2019-11-08 17:49:34+00:00,3.896157407407408,0,bug;docs,https://github.com/scrapy/scrapy/issues/4124,2019-11-08 17:49:34+00:00,,,,,,,,False,manual_or_unknown
scrapy,scrapy,scrapy/scrapy,4076,Docs: Broken link on developer-tools,2019-10-14 10:14:07+00:00,2019-10-15 18:49:51+00:00,1.358148148148148,1,bug;docs,https://github.com/scrapy/scrapy/issues/4076,2019-10-15 18:49:51+00:00,,,,,,,,False,manual_or_unknown
scrapy,scrapy,scrapy/scrapy,4072,BOT_NAME and the user agent,2019-10-11 12:15:12+00:00,2019-10-16 12:15:00+00:00,4.999861111111112,1,bug;docs,https://github.com/scrapy/scrapy/issues/4072,2019-10-16 12:15:00+00:00,,,,,,,,False,manual_or_unknown
scrapy,scrapy,scrapy/scrapy,4035,CLOSESPIDER_TIMEOUT Settings 36000 Invalid Settings 60 ok ?,2019-09-25 02:27:34+00:00,2019-10-30 09:14:16+00:00,35.28243055555556,7,bug;needs more info,https://github.com/scrapy/scrapy/issues/4035,2019-10-30 09:14:16+00:00,,,,,,,,False,manual_or_unknown
scrapy,scrapy,scrapy/scrapy,4032,Error 302 redirection with headers location starts with 3 slash,2019-09-23 07:56:49+00:00,2019-10-30 08:09:13+00:00,37.00861111111112,8,bug,https://github.com/scrapy/scrapy/issues/4032,2019-10-30 08:09:13+00:00,,,,,,,,False,manual_or_unknown
scrapy,scrapy,scrapy/scrapy,4027,Upgrading from 1.4 to 1.5 results in many 400 responses,2019-09-19 06:30:27+00:00,2020-04-23 12:19:46+00:00,217.2425810185185,3,bug,https://github.com/scrapy/scrapy/issues/4027,2020-04-23 12:19:46+00:00,,,,,,,,False,manual_or_unknown
scrapy,scrapy,scrapy/scrapy,4014,Random(?) test_crawler.py failure on Travis,2019-09-13 14:49:40+00:00,2019-10-31 12:31:34+00:00,47.90409722222222,8,bug;CI,https://github.com/scrapy/scrapy/issues/4014,2019-10-31 12:31:34+00:00,,,,,,,,False,manual_or_unknown
scrapy,scrapy,scrapy/scrapy,4007,Exception when using DummyStatsCollector,2019-09-09 12:18:03+00:00,2019-10-02 07:06:23+00:00,22.783564814814813,5,bug;discuss,https://github.com/scrapy/scrapy/issues/4007,2019-10-02 07:06:23+00:00,,,,,,,,False,manual_or_unknown
scrapy,scrapy,scrapy/scrapy,3995,ImagesPipeline does not follow redirection,2019-08-31 05:39:56+00:00,2019-09-27 14:32:27+00:00,27.36980324074074,2,bug,https://github.com/scrapy/scrapy/issues/3995,2019-09-27 14:32:27+00:00,,,,,,,,False,manual_or_unknown
scrapy,scrapy,scrapy/scrapy,3985,Contracts can't be written for callbacks that receive cb_kwargs,2019-08-28 19:11:27+00:00,2019-09-07 23:23:16+00:00,10.174872685185186,2,bug,https://github.com/scrapy/scrapy/issues/3985,2019-09-07 23:23:16+00:00,,,,,,,,False,manual_or_unknown
scrapy,scrapy,scrapy/scrapy,3976,`ItemLoader` fields initialized from `item` are reprocessed,2019-08-26 12:18:42+00:00,2019-10-28 09:53:54+00:00,62.89944444444444,9,bug,https://github.com/scrapy/scrapy/issues/3976,2019-10-28 09:53:54+00:00,,,,,,,,False,manual_or_unknown
scrapy,scrapy,scrapy/scrapy,3953,OSError when downloading a very long url,2019-08-12 10:44:19+00:00,2019-09-16 12:04:07+00:00,35.055416666666666,9,bug;good first issue,https://github.com/scrapy/scrapy/issues/3953,2019-09-16 12:04:07+00:00,,,,,,,,False,manual_or_unknown
