owner,repo,issue_number,title,state,created_at,closed_at,comments,labels,html_url,fix_time_hours,fix_time_days,project
pallets,flask,4355,Async/await， read file error: greenlet.error: cannot switch to a different thread,closed,2021-11-26 08:54:57+00:00,2021-12-23 00:36:53+00:00,4,bug,https://github.com/pallets/flask/issues/4355,639.6988888888889,26.654120370370368,pallets/flask
pallets,flask,4297,Blueprint.errorhandler restricts type of result function which avoids chaining,closed,2021-10-07 12:03:29+00:00,2022-03-15 15:37:17+00:00,6,bug;typing,https://github.com/pallets/flask/issues/4297,3819.5633333333335,159.14847222222224,pallets/flask
pallets,flask,4295,error handler type check fails,closed,2021-10-06 21:01:05+00:00,2021-11-15 21:37:50+00:00,6,bug,https://github.com/pallets/flask/issues/4295,960.6125,40.02552083333333,pallets/flask
pallets,flask,4037,The Blueprint(url_prefix) parameter is not working when using nesting blueprint,closed,2021-05-13 10:32:50+00:00,2021-05-13 22:27:48+00:00,0,bug;blueprints,https://github.com/pallets/flask/issues/4037,11.91611111111111,0.4965046296296296,pallets/flask
pallets,flask,3776,request.endpoint always None in SessionInterface.open_session,closed,2020-10-03 11:42:30+00:00,2021-02-02 04:45:03+00:00,2,bug,https://github.com/pallets/flask/issues/3776,2921.0425,121.71010416666667,pallets/flask
pallets,flask,3523,Flask dev server not working with Python 3.6 on Anaconda,closed,2020-03-02 10:46:21+00:00,2020-04-03 12:42:51+00:00,6,bug;cli,https://github.com/pallets/flask/issues/3523,769.9416666666667,32.08090277777778,pallets/flask
pallets,flask,3320,Version tag mismatch in link to example projects from docs,closed,2019-08-01 00:14:39+00:00,2019-08-01 19:56:41+00:00,2,docs;bug,https://github.com/pallets/flask/issues/3320,19.700555555555557,0.8208564814814815,pallets/flask
pallets,flask,3297,If arguments are re-written before flask is loaded it sees the original arguments on windows python 2.7,closed,2019-07-10 05:55:01+00:00,2019-07-10 19:42:59+00:00,2,bug;cli,https://github.com/pallets/flask/issues/3297,13.799444444444445,0.5749768518518519,pallets/flask
pallets,flask,2743,Documentation search broken,closed,2018-04-29 10:57:08+00:00,2018-04-30 00:55:44+00:00,2,bug,https://github.com/pallets/flask/issues/2743,13.976666666666667,0.5823611111111111,pallets/flask
pallets,flask,2735,flask.abort() behavioral change in debug mode,closed,2018-04-27 15:44:05+00:00,2018-04-28 14:01:55+00:00,4,bug,https://github.com/pallets/flask/issues/2735,22.29722222222222,0.9290509259259259,pallets/flask
pallets,flask,2731,Flask 1.0 backwards-incompat with double-slash/no-slash re. #2629,closed,2018-04-27 13:12:55+00:00,2018-04-27 19:47:01+00:00,1,bug;blueprints,https://github.com/pallets/flask/issues/2731,6.568333333333333,0.27368055555555554,pallets/flask
pallets,flask,2728,Wrong wheel for Flask 0.12.3 in PyPI,closed,2018-04-27 09:34:05+00:00,2018-04-30 01:27:34+00:00,10,bug;packaging,https://github.com/pallets/flask/issues/2728,63.89138888888889,2.6621412037037038,pallets/flask
pallets,flask,2651,get_json's silent option cache None and causes weird side-effect,closed,2018-03-05 20:09:06+00:00,2018-04-09 10:00:42+00:00,7,bug;json,https://github.com/pallets/flask/issues/2651,829.86,34.5775,pallets/flask
pallets,flask,2549,"""Request.is_xhr deprecated"" warning during jsonify()",closed,2017-12-11 17:54:11+00:00,2017-12-11 18:17:42+00:00,11,bug,https://github.com/pallets/flask/issues/2549,0.39194444444444443,0.01633101851851852,pallets/flask
pallets,flask,2526,Invalid range with send_file() and xsendfile causes ValueError,closed,2017-11-23 09:13:39+00:00,2017-11-24 23:44:49+00:00,0,bug,https://github.com/pallets/flask/issues/2526,38.519444444444446,1.604976851851852,pallets/flask
pallets,flask,2267,Flask error handler caching leads to inconsistent behavior,closed,2017-05-02 01:20:27+00:00,2017-06-05 13:34:49+00:00,1,bug,https://github.com/pallets/flask/issues/2267,828.2394444444444,34.50997685185185,pallets/flask
pallets,flask,2118,config.from_pyfile crashes on Python 3 when source isn't encoded in default encoding,closed,2016-12-20 03:01:50+00:00,2016-12-26 02:51:24+00:00,24,bug,https://github.com/pallets/flask/issues/2118,143.82611111111112,5.99275462962963,pallets/flask
pallets,flask,2033,failing test for safe_join in windows,closed,2016-09-21 09:41:07+00:00,2017-05-16 00:11:35+00:00,0,bug;testing,https://github.com/pallets/flask/issues/2033,5678.507777777778,236.60449074074074,pallets/flask
pallets,flask,2007,Prevent setting `SERVER_NAME` and `SESSION_COOKIE_DOMAIN` to an IP address,closed,2016-09-06 12:39:36+00:00,2017-05-14 05:13:57+00:00,13,discussion;bug,https://github.com/pallets/flask/issues/2007,5992.5725,249.69052083333335,pallets/flask
pallets,flask,1995,No response and No exception traceback when render_template failed and DEBUG=True,closed,2016-08-27 06:14:30+00:00,2017-05-29 19:50:13+00:00,22,blocker;bug,https://github.com/pallets/flask/issues/1995,6613.5952777777775,275.5664699074074,pallets/flask
pallets,flask,1980,"""Larger Applications"" docs don't play nicely with flask run",closed,2016-08-09 17:51:00+00:00,2016-09-11 16:05:28+00:00,7,docs;bug,https://github.com/pallets/flask/issues/1980,790.2411111111111,32.92671296296296,pallets/flask
pallets,flask,1911,Wrong import json library,closed,2016-06-14 09:02:06+00:00,2017-05-22 19:37:58+00:00,24,bug;good first issue;json,https://github.com/pallets/flask/issues/1911,8218.597777777777,342.441574074074,pallets/flask
pallets,flask,1902,Import error with some examples,closed,2016-06-09 20:35:18+00:00,2016-08-22 18:53:44+00:00,30,docs;bug;cli,https://github.com/pallets/flask/issues/1902,1774.3072222222222,73.92946759259259,pallets/flask
pallets,flask,1893,Travis 3.3-devel job fails with error about urllib2 in Werkzeug,closed,2016-06-07 16:28:49+00:00,2016-06-07 17:32:48+00:00,3,bug;testing,https://github.com/pallets/flask/issues/1893,1.0663888888888888,0.044432870370370366,pallets/flask
pallets,flask,1877,jsonify no longer causes Content-Length to be set on returned Response object,closed,2016-06-03 08:24:29+00:00,2017-05-30 20:47:38+00:00,13,bug,https://github.com/pallets/flask/issues/1877,8676.385833333334,361.5160763888889,pallets/flask
pallets,flask,1837,Setting error handler for unknown code fails,closed,2016-05-31 07:51:12+00:00,2017-06-01 01:10:00+00:00,23,docs;bug,https://github.com/pallets/flask/issues/1837,8777.313333333334,365.7213888888889,pallets/flask
pallets,flask,1829,"""[Errno 2] No such file or directory"" on flask run with FLASK_DEBUG=1",closed,2016-05-29 19:03:30+00:00,2016-12-26 18:59:20+00:00,30,bug;cli,https://github.com/pallets/flask/issues/1829,5063.930555555556,210.9971064814815,pallets/flask
pallets,flask,1427,Bug in send_file with temp files,closed,2015-04-10 16:52:33+00:00,2016-06-03 16:17:04+00:00,12,bug,https://github.com/pallets/flask/issues/1427,10079.408611111112,419.97535879629635,pallets/flask
pallets,flask,1406,Generic error handler for any exception,closed,2015-03-29 15:54:55+00:00,2015-03-29 17:16:25+00:00,8,bug,https://github.com/pallets/flask/issues/1406,1.3583333333333334,0.05659722222222222,pallets/flask
pallets,flask,1348,sessions not saved when streaming,closed,2015-02-08 19:03:16+00:00,2017-06-03 19:26:15+00:00,3,bug;session,https://github.com/pallets/flask/issues/1348,20304.383055555554,846.015960648148,pallets/flask
pallets,flask,1330,Method is_json does not support capital letters in mimetype,closed,2015-01-28 15:34:45+00:00,2015-01-29 09:24:38+00:00,5,bug,https://github.com/pallets/flask/issues/1330,17.83138888888889,0.742974537037037,pallets/flask
pallets,flask,1173,python3 -mpdb myflaskapp.py fon ubuntu 14.04,closed,2014-09-10 17:17:49+00:00,2014-10-19 18:20:57+00:00,7,bug,https://github.com/pallets/flask/issues/1173,937.0522222222222,39.04384259259259,pallets/flask
pallets,flask,1169,"BUG in ""send_file"" and ""send_from_directory""",closed,2014-09-04 10:38:47+00:00,2015-11-07 09:15:11+00:00,40,bug,https://github.com/pallets/flask/issues/1169,10294.606666666667,428.94194444444446,pallets/flask
pallets,flask,1167,Randomly Unresponsive After Strange Character Requests,closed,2014-09-03 20:37:59+00:00,2014-10-19 18:23:11+00:00,8,bug,https://github.com/pallets/flask/issues/1167,1101.7533333333333,45.90638888888889,pallets/flask
pallets,flask,1124,"CLI: ""flask"" command help doesn't list custom commands",closed,2014-07-16 08:39:22+00:00,2016-05-26 19:29:49+00:00,11,bug;cli,https://github.com/pallets/flask/issues/1124,16330.840833333334,680.4517013888889,pallets/flask
pallets,flask,941,Registering a handler for HTTPException has no effect,closed,2014-01-03 18:58:20+00:00,2017-05-23 19:55:33+00:00,20,blocker;bug,https://github.com/pallets/flask/issues/941,29664.953611111112,1236.0397337962963,pallets/flask
psf,requests,6544,Conflicting requirements for urllib3,closed,2023-10-06 20:05:38+00:00,2023-10-06 22:34:25+00:00,1,Bug,https://github.com/psf/requests/issues/6544,2.479722222222222,0.10332175925925925,psf/requests
psf,requests,6104,ValueError when calling requests.get on windows systems.,closed,2022-04-06 17:14:25+00:00,2022-06-01 17:38:00+00:00,14,Bug;Contributor Friendly,https://github.com/psf/requests/issues/6104,1344.3930555555555,56.01637731481481,psf/requests
psf,requests,6027,Proxy authentication bug,closed,2022-01-03 22:12:00+00:00,2022-01-04 16:04:25+00:00,12,Bug,https://github.com/psf/requests/issues/6027,17.87361111111111,0.7447337962962962,psf/requests
psf,requests,5921,requests should ignore REQUESTS_CA_BUNDLE when session.verify is False,closed,2021-09-01 12:18:14+00:00,2021-09-04 21:37:49+00:00,4,Bug;Breaking API Change,https://github.com/psf/requests/issues/5921,81.32638888888889,3.3885995370370368,psf/requests
psf,requests,5891,Session requests are ~70% slower in version 2.26.0,closed,2021-07-28 16:43:39+00:00,2021-12-30 21:40:46+00:00,5,Bug,https://github.com/psf/requests/issues/5891,3724.9519444444445,155.2063310185185,psf/requests
psf,requests,5888,Manually set Proxy-Authorization header is always removed in 2.26,closed,2021-07-27 14:24:46+00:00,2021-11-24 19:28:59+00:00,5,Bug,https://github.com/psf/requests/issues/5888,2885.070277777778,120.21126157407407,psf/requests
psf,requests,5855,proxy URLs without schemes break under Python 3.9,closed,2021-07-01 23:56:49+00:00,2021-12-30 21:36:55+00:00,6,Bug,https://github.com/psf/requests/issues/5855,4365.668333333333,181.90284722222222,psf/requests
psf,requests,4986,Doctest fails (7 out of 11),closed,2019-02-17 18:24:38+00:00,2021-08-07 02:26:11+00:00,2,Bug;PR(s) available,https://github.com/psf/requests/issues/4986,21632.025833333333,901.3344097222222,psf/requests
psf,requests,4748,case-insensitive charset handling,closed,2018-07-24 14:28:26+00:00,2018-07-24 16:46:20+00:00,4,Bug,https://github.com/psf/requests/issues/4748,2.2983333333333333,0.09576388888888888,psf/requests
psf,requests,4746,urllib3 LocationParseError uncaught by requests,closed,2018-07-23 09:43:33+00:00,2018-10-01 02:25:44+00:00,2,Bug,https://github.com/psf/requests/issues/4746,1672.7030555555555,69.69596064814814,psf/requests
psf,requests,4716,Should Authorization header be cleared in https -> http redirect?,closed,2018-06-27 09:06:49+00:00,2018-09-14 12:08:05+00:00,4,Bug,https://github.com/psf/requests/issues/4716,1899.0211111111112,79.12587962962964,psf/requests
psf,requests,4649,utf-8 passwords in url don't work,closed,2018-05-16 16:25:58+00:00,2018-10-03 16:11:33+00:00,7,Bug,https://github.com/psf/requests/issues/4649,3359.759722222222,139.98998842592593,psf/requests
psf,requests,4592,Malformed `Set-Cookie` containing CRLF does not cause an error,closed,2018-04-17 02:42:53+00:00,2024-05-19 19:10:13+00:00,7,Bug,https://github.com/psf/requests/issues/4592,53392.455555555556,2224.685648148148,psf/requests
psf,requests,4443,fragment not append on redirect,closed,2018-01-01 13:57:19+00:00,2018-01-21 18:53:24+00:00,5,Bug,https://github.com/psf/requests/issues/4443,484.9347222222222,20.205613425925925,psf/requests
psf,requests,4401,Find cause of status code 0,closed,2017-11-27 10:39:30+00:00,2017-11-27 21:52:45+00:00,6,Bug;Propose Close;Needs More Information,https://github.com/psf/requests/issues/4401,11.220833333333333,0.4675347222222222,psf/requests
psf,requests,4392,Streamed request with preset Host header sends two Host headers,closed,2017-11-20 19:04:03+00:00,2024-05-19 18:59:48+00:00,8,Bug,https://github.com/psf/requests/issues/4392,56927.92916666667,2371.997048611111,psf/requests
psf,requests,4362,Redirect resolved even though allow_redirects is set to False causing exception for unsupported connection adapter,closed,2017-10-31 13:11:11+00:00,2021-12-29 02:32:57+00:00,6,Bug,https://github.com/psf/requests/issues/4362,36469.36277777778,1519.5567824074076,psf/requests
psf,requests,4275,Requests tries to resolve `user:pass@host` on OS X,closed,2017-09-05 10:13:27+00:00,2018-01-16 14:07:27+00:00,1,Bug;PR(s) Wanted,https://github.com/psf/requests/issues/4275,3195.9,133.1625,psf/requests
psf,requests,4030,fix pypi page,closed,2017-05-17 14:38:38+00:00,2017-05-18 01:41:01+00:00,3,Bug;Planned;Contributor Friendly;Documentation,https://github.com/psf/requests/issues/4030,11.039722222222222,0.4599884259259259,psf/requests
psf,requests,3696,A whitespace at the start of Url causes error on request,closed,2016-11-16 16:05:10+00:00,2016-11-16 18:38:12+00:00,4,Bug;Contributor Friendly,https://github.com/psf/requests/issues/3696,2.5505555555555555,0.10627314814814814,psf/requests
psf,requests,3689,security extras need to be updated,closed,2016-11-16 01:03:01+00:00,2016-11-16 10:33:47+00:00,2,Bug;Contributor Friendly,https://github.com/psf/requests/issues/3689,9.512777777777778,0.39636574074074077,psf/requests
psf,requests,3683,URL has an invalid label.,closed,2016-11-15 14:50:57+00:00,2016-11-30 15:07:22+00:00,29,Bug,https://github.com/psf/requests/issues/3683,360.2736111111111,15.011400462962962,psf/requests
psf,requests,3597,TypeError in MockRequest when 'Host' header set to bytestring,closed,2016-09-25 06:04:14+00:00,2016-09-29 07:09:41+00:00,3,Bug;Contributor Friendly,https://github.com/psf/requests/issues/3597,97.09083333333334,4.045451388888889,psf/requests
psf,requests,3578,"""LookupError: unknown encoding: idna"" in worker threads, under embedded Python 3.5",closed,2016-09-16 22:43:02+00:00,2016-09-17 07:19:01+00:00,5,Bug;Contributor Friendly,https://github.com/psf/requests/issues/3578,8.599722222222223,0.3583217592592593,psf/requests
psf,requests,3518,ALL_PROXY is incorrectly preferred to HTTP(S)_PROXY,closed,2016-08-17 12:04:32+00:00,2016-08-25 12:45:16+00:00,2,Bug;Contributor Friendly,https://github.com/psf/requests/issues/3518,192.67888888888888,8.028287037037037,psf/requests
psf,requests,3490,Remove header in middle of redirection,closed,2016-08-09 18:24:05+00:00,2016-08-12 19:57:40+00:00,8,Bug;Contributor Friendly,https://github.com/psf/requests/issues/3490,73.55972222222222,3.0649884259259257,psf/requests
psf,requests,3481,Error with decode_unicode=True on streamed response,closed,2016-08-09 07:58:53+00:00,2016-09-11 09:11:16+00:00,9,Bug,https://github.com/psf/requests/issues/3481,793.2063888888889,33.05026620370371,psf/requests
psf,requests,3359,Uncertain about content/text vs iter_content(decode_unicode=True/False),closed,2016-06-22 00:19:56+00:00,2016-09-24 17:01:11+00:00,15,Bug,https://github.com/psf/requests/issues/3359,2272.6875,94.6953125,psf/requests
psf,requests,3090,Session.close() doesn't work with proxies,closed,2016-04-13 14:29:33+00:00,2016-04-15 13:36:43+00:00,4,Bug;Contributor Friendly,https://github.com/psf/requests/issues/3090,47.11944444444445,1.9633101851851853,psf/requests
psf,requests,3068,Response read hangs,closed,2016-03-27 20:57:08+00:00,2016-03-28 15:35:07+00:00,5,Bug,https://github.com/psf/requests/issues/3068,18.633055555555554,0.7763773148148148,psf/requests
psf,requests,3066,auth and data set results in invalid http header,closed,2016-03-25 11:30:41+00:00,2016-12-08 12:33:12+00:00,12,Bug,https://github.com/psf/requests/issues/3066,6193.041944444444,258.0434143518518,psf/requests
psf,requests,3028,"""in"" operation on resp.cookies should not raise CookieConflictError",closed,2016-03-03 12:37:56+00:00,2016-04-16 04:05:38+00:00,3,Bug;Contributor Friendly,https://github.com/psf/requests/issues/3028,1047.4616666666666,43.644236111111105,psf/requests
psf,requests,3009,"Inspecting 'response.ok' with non-ascii HTTP status ""reason"" content causes UnicodeDecodeError",closed,2016-02-12 23:09:13+00:00,2016-08-05 00:10:35+00:00,12,Bug,https://github.com/psf/requests/issues/3009,4177.022777777778,174.04261574074076,psf/requests
psf,requests,2998,Requests default to environment CA even when there's a session-set CA,closed,2016-02-05 23:16:51+00:00,2016-02-10 08:46:49+00:00,4,Bug,https://github.com/psf/requests/issues/2998,105.49944444444445,4.395810185185185,psf/requests
psf,requests,2997,allow_redirects=True for one get affects the next one,closed,2016-02-05 19:41:55+00:00,2016-02-05 22:53:55+00:00,7,Bug,https://github.com/psf/requests/issues/2997,3.2,0.13333333333333333,psf/requests
psf,requests,2949,Session's Authorization header isn't sent on redirect,closed,2015-12-28 21:44:14+00:00,2021-09-08 22:43:04+00:00,37,Bug,https://github.com/psf/requests/issues/2949,49944.98055555556,2081.0408564814816,psf/requests
psf,requests,2935,KeyError in connectionpool?,closed,2015-12-18 00:38:06+00:00,2016-03-09 08:17:03+00:00,44,Bug;Needs More Information,https://github.com/psf/requests/issues/2935,1975.6491666666666,82.31871527777777,psf/requests
psf,requests,2925,Deadlock caused by local import in different thread.,closed,2015-12-11 18:35:38+00:00,2024-05-20 14:35:55+00:00,16,Bug;Planned,https://github.com/psf/requests/issues/2925,73988.00472222222,3082.8335300925924,psf/requests
psf,requests,2844,_encode_params return bytes that break urlencode,closed,2015-10-23 11:27:22+00:00,2015-10-23 12:24:36+00:00,8,Bug;Contributor Friendly,https://github.com/psf/requests/issues/2844,0.9538888888888889,0.03974537037037037,psf/requests
psf,requests,2756,Json supersedes data in prepare_body,closed,2015-09-04 23:44:09+00:00,2015-10-06 14:52:47+00:00,4,Bug;Contributor Friendly,https://github.com/psf/requests/issues/2756,759.1438888888889,31.63099537037037,psf/requests
psf,requests,2708,user-agent not sent in CONNECT makes the request fail (proxy is used),closed,2015-08-05 09:29:13+00:00,2024-05-20 14:36:16+00:00,15,Bug,https://github.com/psf/requests/issues/2708,77069.1175,3211.213229166666,psf/requests
psf,requests,2707,parse_header_links fails for momento link headers,closed,2015-08-05 08:05:52+00:00,2016-09-23 06:43:09+00:00,4,Bug,https://github.com/psf/requests/issues/2707,9958.621388888889,414.94255787037036,psf/requests
psf,requests,2620,Connect Error or Timeout Error,closed,2015-06-01 14:00:42+00:00,2015-06-02 20:53:50+00:00,6,Bug;Planned,https://github.com/psf/requests/issues/2620,30.885555555555555,1.286898148148148,psf/requests
psf,requests,2599,"Auth handler should be calling close, not release_conn",closed,2015-05-13 15:10:24+00:00,2015-05-14 06:15:18+00:00,2,Bug;Planned;Contributor Friendly,https://github.com/psf/requests/issues/2599,15.081666666666667,0.6284027777777778,psf/requests
psf,requests,2540,MisssingSchema error message does not handle unicode input correctly,closed,2015-04-08 00:56:52+00:00,2015-04-11 19:11:01+00:00,3,Bug;Contributor Friendly,https://github.com/psf/requests/issues/2540,90.23583333333333,3.759826388888889,psf/requests
psf,requests,2530,"__build__ out of sync? Still at 0x020503, looks like 2.5.3 rather than 2.6.0",closed,2015-04-05 21:21:27+00:00,2015-04-06 21:54:22+00:00,1,Bug,https://github.com/psf/requests/issues/2530,24.54861111111111,1.0228587962962963,psf/requests
psf,requests,2503,Redirect doesn't pass all parameters,closed,2015-03-17 13:41:37+00:00,2015-05-03 15:06:00+00:00,4,Bug,https://github.com/psf/requests/issues/2503,1129.4063888888888,47.05859953703703,psf/requests
psf,requests,2455,"CERTIFICATE_VERIFY_FAILED with 2.5.2, works with 2.5.1",closed,2015-02-24 01:11:01+00:00,2015-05-31 12:57:28+00:00,111,Bug;Planned,https://github.com/psf/requests/issues/2455,2315.7741666666666,96.49059027777777,psf/requests
psf,requests,2345,Using RecentlyUsedContainer for session cache breaks pickling,closed,2014-11-16 15:52:15+00:00,2014-11-30 19:12:43+00:00,5,Bug,https://github.com/psf/requests/issues/2345,339.3411111111111,14.139212962962963,psf/requests
psf,requests,2336,Timeout for connecting to proxy,closed,2014-11-13 12:10:06+00:00,2015-03-02 09:49:24+00:00,38,Bug,https://github.com/psf/requests/issues/2336,2613.655,108.90229166666667,psf/requests
psf,requests,2255,Session requests should respect verify=False,closed,2014-09-29 01:06:48+00:00,2015-08-31 09:45:01+00:00,20,Bug,https://github.com/psf/requests/issues/2255,8072.636944444444,336.35987268518517,psf/requests
psf,requests,2250,Link header parsing breaks if attribute value has commas,closed,2014-09-25 20:01:41+00:00,2014-10-10 18:30:18+00:00,5,Bug;Contributor Friendly,https://github.com/psf/requests/issues/2250,358.4769444444444,14.93653935185185,psf/requests
psf,requests,2229,full URL sent instead of path when using https proxy,closed,2014-09-16 23:23:44+00:00,2015-05-03 15:12:33+00:00,9,Bug,https://github.com/psf/requests/issues/2229,5487.813611111111,228.65890046296295,psf/requests
psf,requests,2228,Documentation examples.,closed,2014-09-16 15:15:50+00:00,2021-11-28 03:00:28+00:00,15,Bug;Contributor Friendly;Documentation,https://github.com/psf/requests/issues/2228,63107.74388888889,2629.4893287037034,psf/requests
psf,requests,2169,Connection keep alive issue,closed,2014-08-18 13:51:38+00:00,2014-08-29 14:24:23+00:00,26,Bug;Please Review,https://github.com/psf/requests/issues/2169,264.54583333333335,11.022743055555557,psf/requests
psf,requests,2144,socket.error exception not caught/wrapped in a requests exception (ConnectionError perhaps?),closed,2014-07-22 10:23:48+00:00,2014-07-27 13:59:08+00:00,1,Bug;Contributor Friendly,https://github.com/psf/requests/issues/2144,123.58888888888889,5.149537037037037,psf/requests
psf,requests,2063,Mutating Session.proxies does not work,closed,2014-05-25 19:42:09+00:00,2014-05-28 08:06:33+00:00,22,Bug,https://github.com/psf/requests/issues/2063,60.406666666666666,2.5169444444444444,psf/requests
psf,requests,2003,auth kwarg cannot be used to authenticate an HTTPS request through a HTTP proxy,closed,2014-04-15 04:18:58+00:00,2016-12-17 17:00:48+00:00,7,Bug;Planned;Breaking API Change,https://github.com/psf/requests/issues/2003,23460.69722222222,977.5290509259258,psf/requests
psf,requests,1871,Our use of urllib3's ConnectionPools is not threadsafe.,closed,2014-01-20 11:09:18+00:00,2018-02-24 14:55:18+00:00,27,Bug;Planned,https://github.com/psf/requests/issues/1871,35907.76666666667,1496.1569444444447,psf/requests
psf,requests,1767,HTTP Basic Auth credentials extracted from URL are %-encoded,closed,2013-12-01 09:22:15+00:00,2013-12-04 01:36:00+00:00,2,Bug;Fixed,https://github.com/psf/requests/issues/1767,64.22916666666667,2.676215277777778,psf/requests
psf,requests,1755,Streaming uploads with HTTPBasicAuth causes stuck on resending the request,closed,2013-11-24 12:30:06+00:00,2013-12-05 23:04:56+00:00,5,Bug;Fixed,https://github.com/psf/requests/issues/1755,274.5805555555556,11.440856481481482,psf/requests
psf,requests,1746,Don't lowercase the whole URL when opening a connection,closed,2013-11-19 08:53:32+00:00,2013-12-05 23:05:08+00:00,8,Bug;Fixed,https://github.com/psf/requests/issues/1746,398.1933333333333,16.59138888888889,psf/requests
psf,requests,1732,SNI support broken on Python 2.X in 2.0.1.,closed,2013-11-09 08:57:36+00:00,2013-12-05 23:05:18+00:00,3,Bug;Fixed,https://github.com/psf/requests/issues/1732,638.1283333333333,26.588680555555555,psf/requests
psf,requests,1711,Regression 2.0.1: Using MozillaCookieJar does not work,closed,2013-10-29 12:27:21+00:00,2013-12-04 01:33:33+00:00,4,Bug;Fixed,https://github.com/psf/requests/issues/1711,853.1033333333334,35.545972222222225,psf/requests
psf,requests,1703,proxy with authentication fails in requests 2.0,closed,2013-10-25 08:30:03+00:00,2013-12-05 23:05:28+00:00,11,Bug;Fixed,https://github.com/psf/requests/issues/1703,998.5902777777778,41.60792824074074,psf/requests
psf,requests,1685,Possible Memory Leak,closed,2013-10-17 17:03:10+00:00,2016-04-16 04:18:33+00:00,54,Bug,https://github.com/psf/requests/issues/1685,21875.256388888887,911.4690162037036,psf/requests
psf,requests,1655,Session hooks broken,closed,2013-10-07 10:24:32+00:00,2013-12-04 01:33:42+00:00,7,Bug;Contributor Friendly;Fixed,https://github.com/psf/requests/issues/1655,1383.1527777777778,57.63136574074074,psf/requests
psf,requests,1648,"Header ""Transfer-Encoding: chunked"" set even if Content-Length is provided which causes body to not actually get chunked",closed,2013-10-04 00:02:56+00:00,2017-03-02 16:28:35+00:00,52,Bug;Breaking API Change,https://github.com/psf/requests/issues/1648,29896.4275,1245.6844791666667,psf/requests
psf,requests,1642,Requests doesn't clean up on failed streaming uploads.,closed,2013-10-02 12:33:03+00:00,2013-12-05 23:06:26+00:00,2,Bug,https://github.com/psf/requests/issues/1642,1546.556388888889,64.43984953703703,psf/requests
psf,requests,1630,Cookies not persisted when set via functional API.,closed,2013-09-27 08:50:44+00:00,2013-10-07 23:22:49+00:00,7,Bug;Contributor Friendly,https://github.com/psf/requests/issues/1630,254.53472222222223,10.605613425925926,psf/requests
psf,requests,1622,Requests 2.0.0 breaks SSL proxying via https_port of Squid.,closed,2013-09-25 03:16:36+00:00,2015-01-19 09:25:49+00:00,40,Bug;Propose Close,https://github.com/psf/requests/issues/1622,11550.15361111111,481.256400462963,psf/requests
psf,requests,1572,urllib3 exceptions passing through requests API,closed,2013-09-03 09:36:19+00:00,2015-10-05 14:09:46+00:00,13,Bug;Planned;Contributor Friendly,https://github.com/psf/requests/issues/1572,18292.5575,762.1898958333333,psf/requests
psf,requests,1561,Header keys lose their case,closed,2013-08-30 14:43:45+00:00,2017-01-09 16:17:38+00:00,11,Bug;Planned,https://github.com/psf/requests/issues/1561,29473.56472222222,1228.0651967592592,psf/requests
psf,requests,1434,"stream_decode_response_unicode fails in Python 3 at rv = decoder.decode('', final=True)",closed,2013-06-25 15:17:55+00:00,2013-06-26 07:38:03+00:00,3,Bug;Contributor Friendly,https://github.com/psf/requests/issues/1434,16.335555555555555,0.6806481481481481,psf/requests
psf,requests,1397,bug report,closed,2013-05-30 18:41:17+00:00,2013-08-17 06:35:52+00:00,10,Bug,https://github.com/psf/requests/issues/1397,1883.9097222222222,78.49623842592592,psf/requests
psf,requests,1336,Set cookie on 401,closed,2013-04-30 03:19:58+00:00,2013-08-15 07:59:47+00:00,47,Bug,https://github.com/psf/requests/issues/1336,2572.663611111111,107.19431712962962,psf/requests
psf,requests,1335,Content-Length header is duplicated on Python3,closed,2013-04-30 02:58:10+00:00,2013-06-08 09:57:00+00:00,6,Bug;Contributor Friendly,https://github.com/psf/requests/issues/1335,942.9805555555556,39.290856481481484,psf/requests
psf,requests,1324,Session with CookieJar/LWPCookieJar cause AttributeError,closed,2013-04-25 01:22:58+00:00,2013-04-26 10:57:36+00:00,3,Bug,https://github.com/psf/requests/issues/1324,33.577222222222225,1.399050925925926,psf/requests
psf,requests,1261,Issue arising from #1190,closed,2013-03-23 01:21:55+00:00,2013-03-27 18:31:37+00:00,11,Bug,https://github.com/psf/requests/issues/1261,113.16166666666666,4.7150694444444445,psf/requests
psf,requests,1189,Multiple Cookies on Redirect,closed,2013-02-13 23:09:02+00:00,2013-02-17 01:17:07+00:00,8,Bug,https://github.com/psf/requests/issues/1189,74.13472222222222,3.0889467592592594,psf/requests
psf,requests,1124,"SSLError from imgur API, however proper cert appears via Chrome",closed,2013-01-22 03:01:58+00:00,2013-02-10 22:37:55+00:00,12,Bug,https://github.com/psf/requests/issues/1124,475.5991666666667,19.816631944444445,psf/requests
psf,requests,1102,address compromised TURKTRUST certificates,closed,2013-01-15 11:30:17+00:00,2013-01-17 10:53:19+00:00,6,Bug,https://github.com/psf/requests/issues/1102,47.38388888888889,1.9743287037037038,psf/requests
psf,requests,1096,OAuth 1 requests with BODY signature_type send no body data and set Content-Length: 0 ,closed,2013-01-11 19:44:55+00:00,2013-02-10 22:55:13+00:00,1,Bug;Contributor Friendly,https://github.com/psf/requests/issues/1096,723.1716666666666,30.132152777777776,psf/requests
psf,requests,1084,POST and PUT on 307 redirect will re-POST without body,closed,2013-01-04 16:55:35+00:00,2013-03-31 05:21:52+00:00,13,Bug,https://github.com/psf/requests/issues/1084,2052.4380555555554,85.5182523148148,psf/requests
psf,requests,1029,"Since 1.0, seeing a large amount of ""Cannot assign requested address"" socket.errors",closed,2012-12-18 00:56:01+00:00,2012-12-18 02:51:40+00:00,8,Bug,https://github.com/psf/requests/issues/1029,1.9275,0.0803125,psf/requests
psf,requests,910,POST with json data and oauth auth_header signature_type not working,closed,2012-10-25 17:29:41+00:00,2013-04-01 18:40:16+00:00,32,Bug,https://github.com/psf/requests/issues/910,3793.176388888889,158.0490162037037,psf/requests
psf,requests,875,Keep-alive doesn't work over http proxy,closed,2012-10-01 16:28:39+00:00,2012-12-03 10:09:18+00:00,11,Bug,https://github.com/psf/requests/issues/875,1505.6775,62.7365625,psf/requests
psf,requests,862,digest authentication fails because of wrongly nonce-count,closed,2012-09-20 06:47:59+00:00,2012-11-17 11:04:27+00:00,5,Bug,https://github.com/psf/requests/issues/862,1396.2744444444445,58.17810185185186,psf/requests
psf,requests,851,"SSL ""unknown protocol"" is returned when it should be ""certificate verify failed""",closed,2012-09-13 02:17:35+00:00,2013-01-21 20:23:07+00:00,18,Bug;Contributor Friendly,https://github.com/psf/requests/issues/851,3138.092222222222,130.75384259259258,psf/requests
psf,requests,844,umbrella ticket to resolve iteration / read size / chunked encoding questions,closed,2012-09-07 03:54:10+00:00,2015-01-19 09:29:14+00:00,52,Bug;Contributor Friendly;Propose Close,https://github.com/psf/requests/issues/844,20741.584444444445,864.2326851851852,psf/requests
psf,requests,771,socket leak (suspected due to redirection),closed,2012-08-10 12:21:29+00:00,2012-11-17 11:17:01+00:00,47,Bug,https://github.com/psf/requests/issues/771,2374.9255555555555,98.95523148148148,psf/requests
psf,requests,747,"requests.{post,patch} set Content-Type to application/x-www-form-urlencoded even when ``data`` arg is a string",closed,2012-07-30 20:18:22+00:00,2012-08-04 15:39:39+00:00,3,Bug;Contributor Friendly,https://github.com/psf/requests/issues/747,115.35472222222222,4.806446759259259,psf/requests
psf,requests,738,pip install error on py3k,closed,2012-07-25 05:47:28+00:00,2012-07-27 06:11:43+00:00,7,Bug;Contributor Friendly,https://github.com/psf/requests/issues/738,48.40416666666667,2.016840277777778,psf/requests
psf,requests,697,Catch UnicodeError coming from encodings/idna.py,closed,2012-06-26 18:31:32+00:00,2012-08-13 21:14:51+00:00,6,Bug;Contributor Friendly,https://github.com/psf/requests/issues/697,1154.7219444444445,48.11341435185185,psf/requests
psf,requests,649,CaseInsensitiveDict __setitem__ faulty for differing-case keys,closed,2012-06-03 00:59:23+00:00,2012-07-27 05:54:43+00:00,4,Bug;Contributor Friendly,https://github.com/psf/requests/issues/649,1300.9222222222222,54.20509259259259,psf/requests
psf,requests,639,safe mode doesn't work when not returning response,closed,2012-05-28 11:28:42+00:00,2012-12-18 20:15:20+00:00,3,Bug;Contributor Friendly,https://github.com/psf/requests/issues/639,4904.777222222222,204.36571759259257,psf/requests
psf,requests,637,Dict data is not being properly urlencoded,closed,2012-05-27 00:01:10+00:00,2012-06-15 18:32:14+00:00,7,Bug,https://github.com/psf/requests/issues/637,474.5177777777778,19.771574074074074,psf/requests
psf,requests,627,Failure to get through digest page which redirects to temporary AWS url,closed,2012-05-22 13:57:29+00:00,2012-11-27 18:36:34+00:00,31,Bug;Contributor Friendly,https://github.com/psf/requests/issues/627,4540.6513888888885,189.19380787037036,psf/requests
psf,requests,606,Allow specifying the ssl protocol version to use,closed,2012-05-11 17:32:54+00:00,2012-07-27 06:10:49+00:00,20,Bug,https://github.com/psf/requests/issues/606,1836.6319444444443,76.52633101851852,psf/requests
psf,requests,605,async broken on Windows,closed,2012-05-10 21:41:00+00:00,2012-05-10 23:35:07+00:00,2,Bug,https://github.com/psf/requests/issues/605,1.9019444444444444,0.07924768518518518,psf/requests
psf,requests,602,requests.head redirect timeout (on only linux environments?),closed,2012-05-09 19:55:44+00:00,2012-07-27 06:14:15+00:00,7,Bug;Planned,https://github.com/psf/requests/issues/602,1882.308611111111,78.42952546296296,psf/requests
psf,requests,539,iter_lines small chunks,closed,2012-04-06 15:04:40+00:00,2012-05-08 05:09:24+00:00,15,Bug,https://github.com/psf/requests/issues/539,758.0788888888889,31.58662037037037,psf/requests
psf,requests,537,requests.get throws TooManyRedirects in safe_mode,closed,2012-04-06 01:50:52+00:00,2012-05-04 01:49:58+00:00,3,Bug,https://github.com/psf/requests/issues/537,671.985,27.999375,psf/requests
psf,requests,520,requests leaves a hanging connection for each request,closed,2012-03-29 07:19:00+00:00,2012-08-06 04:38:28+00:00,62,Bug,https://github.com/psf/requests/issues/520,3117.3244444444445,129.8885185185185,psf/requests
psf,requests,500,Async requests don't honor timeout param,closed,2012-03-20 05:07:44+00:00,2012-05-10 22:05:42+00:00,13,Bug,https://github.com/psf/requests/issues/500,1240.966111111111,51.706921296296294,psf/requests
psf,requests,498,App Engine Fixes,closed,2012-03-19 02:03:45+00:00,2012-07-27 05:29:28+00:00,30,Bug;Contributor Friendly;GAE Support,https://github.com/psf/requests/issues/498,3123.428611111111,130.14285879629628,psf/requests
psf,requests,496,Response.ok raises Timeout Exception in safe_mode,closed,2012-03-19 00:21:18+00:00,2012-04-06 01:45:25+00:00,2,Bug;Contributor Friendly,https://github.com/psf/requests/issues/496,433.40194444444444,18.05841435185185,psf/requests
psf,requests,458,"requests should send ""Connection: close"" if keep-alive is disabled",closed,2012-02-26 23:17:29+00:00,2012-06-15 18:41:19+00:00,6,Bug,https://github.com/psf/requests/issues/458,2635.3972222222224,109.8082175925926,psf/requests
psf,requests,424,Unicode header dict values cause unhandled exception,closed,2012-02-13 21:27:39+00:00,2012-07-27 06:00:53+00:00,1,Bug,https://github.com/psf/requests/issues/424,3944.553888888889,164.35641203703705,psf/requests
psf,requests,353,'allow_redirects' cause a post request to hang,closed,2012-01-11 11:06:54+00:00,2012-07-27 06:05:18+00:00,6,Bug,https://github.com/psf/requests/issues/353,4746.973333333333,197.79055555555556,psf/requests
psf,requests,339,"ConnectionError in requests, not urllib2",closed,2012-01-06 05:18:41+00:00,2012-04-12 22:53:39+00:00,2,Bug;Contributor Friendly,https://github.com/psf/requests/issues/339,2345.5827777777777,97.73261574074074,psf/requests
psf,requests,338,"LookupError in requests, not in urllib2",closed,2012-01-06 05:07:45+00:00,2012-03-16 01:15:28+00:00,11,Bug;Contributor Friendly,https://github.com/psf/requests/issues/338,1676.128611111111,69.83869212962962,psf/requests
psf,requests,337,"TooManyRedirects in requests, not in urllib2",closed,2012-01-06 05:06:43+00:00,2012-08-25 15:09:13+00:00,9,Bug;Contributor Friendly,https://github.com/psf/requests/issues/337,5578.041666666667,232.4184027777778,psf/requests
psf,requests,335,CookieError in requests and not in urllib2,closed,2012-01-06 04:30:34+00:00,2012-03-09 16:58:39+00:00,29,Bug;Contributor Friendly,https://github.com/psf/requests/issues/335,1524.4680555555556,63.519502314814815,psf/requests
psf,requests,296,ConnectionError with Python 2.5 and SSL site,closed,2011-11-29 14:20:07+00:00,2012-01-23 08:06:13+00:00,10,Bug,https://github.com/psf/requests/issues/296,1313.7683333333334,54.740347222222226,psf/requests
psf,requests,293,Proxy authentication broken with 0.76 -> 0.83 upgrade.,closed,2011-11-28 17:25:20+00:00,2012-03-31 07:16:31+00:00,4,Bug;Contributor Friendly,https://github.com/psf/requests/issues/293,2965.8530555555553,123.57721064814814,psf/requests
psf,requests,291,models.Request.sent never set to `True`?,closed,2011-11-27 16:16:40+00:00,2011-11-27 16:29:58+00:00,1,Bug,https://github.com/psf/requests/issues/291,0.22166666666666668,0.009236111111111112,psf/requests
psf,requests,286,Session Cookie doublequotes bug,closed,2011-11-23 17:47:01+00:00,2012-01-30 06:15:36+00:00,11,Bug,https://github.com/psf/requests/issues/286,1620.4763888888888,67.51984953703703,psf/requests
psf,requests,239,Too many open files,closed,2011-11-05 12:37:30+00:00,2012-07-27 06:07:41+00:00,81,Bug;Contributor Friendly,https://github.com/psf/requests/issues/239,6353.503055555556,264.7292939814815,psf/requests
psf,requests,223,Content-Length is missing,closed,2011-10-24 16:21:43+00:00,2012-11-25 03:54:30+00:00,63,Bug,https://github.com/psf/requests/issues/223,9539.546388888888,397.481099537037,psf/requests
psf,requests,78,Request_gzip = True,closed,2011-06-24 10:28:49+00:00,2011-07-24 02:35:50+00:00,3,Feature Request;Bug;Planned,https://github.com/psf/requests/issues/78,712.1169444444445,29.67153935185185,psf/requests
psf,requests,56,Auth fail for private github repo,closed,2011-06-04 16:23:34+00:00,2011-07-24 02:55:20+00:00,6,Bug,https://github.com/psf/requests/issues/56,1186.5294444444444,49.43872685185185,psf/requests
scrapy,scrapy,7626,ScrapyCommand.help() is never called,closed,2026-06-15 09:51:36+00:00,2026-06-19 04:49:34+00:00,5,bug;cleanup,https://github.com/scrapy/scrapy/issues/7626,90.9661111111111,3.7902546296296293,scrapy/scrapy
scrapy,scrapy,7604,`strip_url()` strips :80 from the password,closed,2026-06-11 16:36:11+00:00,2026-06-15 06:41:57+00:00,2,bug,https://github.com/scrapy/scrapy/issues/7604,86.09611111111111,3.587337962962963,scrapy/scrapy
scrapy,scrapy,7601,HttpxDownloadHandler drops proxy auth on retries/redirects,closed,2026-06-11 15:58:47+00:00,2026-06-17 09:56:24+00:00,0,bug,https://github.com/scrapy/scrapy/issues/7601,137.96027777777778,5.748344907407407,scrapy/scrapy
scrapy,scrapy,7597,IMAGES_STORE_*_ACL are no longer used,closed,2026-06-11 08:01:01+00:00,2026-06-15 19:24:45+00:00,1,bug;S3;media pipelines,https://github.com/scrapy/scrapy/issues/7597,107.39555555555556,4.474814814814815,scrapy/scrapy
scrapy,scrapy,7552,'scrapy shell' command starts crawling,closed,2026-05-26 11:51:11+00:00,2026-06-10 19:59:04+00:00,9,bug,https://github.com/scrapy/scrapy/issues/7552,368.13138888888886,15.338807870370369,scrapy/scrapy
scrapy,scrapy,7445,TLS context re-use regression in 2.15 leads to HTTP 421s for different hostnames on the same server,closed,2026-04-21 08:43:37+00:00,2026-04-22 14:01:03+00:00,1,bug;https,https://github.com/scrapy/scrapy/issues/7445,29.290555555555557,1.2204398148148148,scrapy/scrapy
scrapy,scrapy,7426,Regression in Scrapy 2.15.0: FEED_EXPORTERS keys with dots fail with NameError in getwithbase(),closed,2026-04-13 09:55:30+00:00,2026-04-22 14:00:41+00:00,1,bug,https://github.com/scrapy/scrapy/issues/7426,220.08638888888888,9.170266203703703,scrapy/scrapy
scrapy,scrapy,7158,Scrapy 2.13 slower than 2.12 about 2–3×,closed,2025-11-20 12:43:41+00:00,2026-01-05 11:55:59+00:00,9,bug;performance,https://github.com/scrapy/scrapy/issues/7158,1103.205,45.966874999999995,scrapy/scrapy
scrapy,scrapy,7060,Fix flaky `test_download_with_proxy_https_timeout()`,closed,2025-09-28 12:05:01+00:00,2026-02-13 08:45:11+00:00,25,bug;help wanted;https;CI,https://github.com/scrapy/scrapy/issues/7060,3308.6694444444443,137.86122685185185,scrapy/scrapy
scrapy,scrapy,7057,spider_idle signal sent before item_error signal when DNSLookupError occurs in FilesPipeline,closed,2025-09-26 04:38:34+00:00,2025-09-29 08:41:24+00:00,3,bug;needs more info,https://github.com/scrapy/scrapy/issues/7057,76.04722222222222,3.168634259259259,scrapy/scrapy
scrapy,scrapy,7042,MetaRefreshMiddleware does not respect `<base>` tag for relative URLs,closed,2025-09-04 08:07:25+00:00,2025-09-10 13:17:17+00:00,3,bug,https://github.com/scrapy/scrapy/issues/7042,149.16444444444446,6.215185185185185,scrapy/scrapy
scrapy,scrapy,7003,TestSendCatchLogAsyncAsyncio failures,closed,2025-08-11 10:07:39+00:00,2025-08-18 15:00:24+00:00,0,bug;CI,https://github.com/scrapy/scrapy/issues/7003,172.87916666666666,7.203298611111111,scrapy/scrapy
scrapy,scrapy,6996,Tests that install a root logging handler,closed,2025-08-08 07:33:18+00:00,2025-10-06 09:19:36+00:00,1,bug;CI,https://github.com/scrapy/scrapy/issues/6996,1417.7716666666668,59.073819444444446,scrapy/scrapy
scrapy,scrapy,6972,TestPriorityQueue::test_queue_push_pop_priorities() fails on 32-bit,closed,2025-07-28 12:38:42+00:00,2025-07-28 18:37:47+00:00,5,bug;CI,https://github.com/scrapy/scrapy/issues/6972,5.9847222222222225,0.24936342592592595,scrapy/scrapy
scrapy,scrapy,6915,ipython tips break scrapy shell help,closed,2025-06-26 06:47:55+00:00,2025-08-01 09:01:41+00:00,5,bug,https://github.com/scrapy/scrapy/issues/6915,866.2294444444444,36.092893518518515,scrapy/scrapy
scrapy,scrapy,6908,TestEngine::test_short_timeout() failure,closed,2025-06-23 18:28:21+00:00,2025-07-01 12:24:10+00:00,2,bug;CI,https://github.com/scrapy/scrapy/issues/6908,185.93027777777777,7.747094907407408,scrapy/scrapy
scrapy,scrapy,6894,`FileFeedStorage` ignores the drive letter on Windows,closed,2025-06-20 07:31:46+00:00,2025-06-23 16:56:30+00:00,2,bug;Windows,https://github.com/scrapy/scrapy/issues/6894,81.41222222222223,3.392175925925926,scrapy/scrapy
scrapy,scrapy,6878,`pytest.skip` no longer works in twisted.trial unittests,closed,2025-06-08 18:07:15+00:00,2025-06-09 07:53:43+00:00,0,bug;CI;upstream issue,https://github.com/scrapy/scrapy/issues/6878,13.774444444444445,0.5739351851851852,scrapy/scrapy
scrapy,scrapy,6876,Non-typing assert in getdictorlist(),closed,2025-06-08 15:13:05+00:00,2025-10-09 20:14:35+00:00,9,bug;good first issue,https://github.com/scrapy/scrapy/issues/6876,2957.025,123.20937500000001,scrapy/scrapy
scrapy,scrapy,6861,Results of errbacks for downloader errors are discarded,closed,2025-06-05 07:06:32+00:00,2025-06-05 13:02:32+00:00,5,bug,https://github.com/scrapy/scrapy/issues/6861,5.933333333333334,0.24722222222222223,scrapy/scrapy
scrapy,scrapy,6859,“DeprecationWarning: Attempting to mutate a Context after a Connection was created” with pyOpenSSL 25.1.0,closed,2025-06-04 20:09:28+00:00,2026-03-25 10:42:45+00:00,11,bug;help wanted,https://github.com/scrapy/scrapy/issues/6859,7046.554722222222,293.60644675925926,scrapy/scrapy
scrapy,scrapy,6857,ExecuteEngine.close() assumes self.downloader has been defined,closed,2025-06-04 10:32:07+00:00,2025-06-06 11:02:16+00:00,0,bug,https://github.com/scrapy/scrapy/issues/6857,48.5025,2.0209375,scrapy/scrapy
scrapy,scrapy,6834,Race condition in `TestBenchCommand` on Windows,closed,2025-05-28 09:23:29+00:00,2025-07-02 19:35:58+00:00,2,bug;CI,https://github.com/scrapy/scrapy/issues/6834,850.2080555555556,35.42533564814815,scrapy/scrapy
scrapy,scrapy,6820,Recheck (and re-fix?) open_spider exception handling,closed,2025-05-21 17:23:24+00:00,2026-02-19 10:22:01+00:00,2,bug,https://github.com/scrapy/scrapy/issues/6820,6568.976944444445,273.7073726851852,scrapy/scrapy
scrapy,scrapy,6812,Typo in the Docs,closed,2025-05-19 03:03:26+00:00,2025-05-20 05:51:32+00:00,2,bug;good first issue;docs,https://github.com/scrapy/scrapy/issues/6812,26.801666666666666,1.1167361111111112,scrapy/scrapy
scrapy,scrapy,6784,Engine hangs if _schedule_request() raised an exception,closed,2025-05-09 15:17:57+00:00,2025-06-23 17:36:55+00:00,3,bug,https://github.com/scrapy/scrapy/issues/6784,1082.316111111111,45.09650462962963,scrapy/scrapy
scrapy,scrapy,6783,`test_close_during_start_iteration()` can fail with a Task error about `_start_request_processing()`,closed,2025-05-08 09:36:02+00:00,2025-06-23 17:36:55+00:00,4,bug,https://github.com/scrapy/scrapy/issues/6783,1112.0147222222222,46.333946759259256,scrapy/scrapy
scrapy,scrapy,6665,Make sure all type annotations relevant to web-poet are resolvable,closed,2025-02-11 17:12:29+00:00,2025-02-14 15:40:07+00:00,0,bug;enhancement,https://github.com/scrapy/scrapy/issues/6665,70.46055555555556,2.9358564814814816,scrapy/scrapy
scrapy,scrapy,6644,Unable to use CrawlerProcess to run a spider as a script to debug it at breakpoints,closed,2025-02-01 08:40:44+00:00,2025-02-04 12:49:23+00:00,6,bug;not reproducible;upstream issue;asyncio,https://github.com/scrapy/scrapy/issues/6644,76.14416666666666,3.172673611111111,scrapy/scrapy
scrapy,scrapy,6636,Reactor info logged twice,closed,2025-01-28 18:29:48+00:00,2025-02-06 10:47:41+00:00,0,bug;logging,https://github.com/scrapy/scrapy/issues/6636,208.29805555555555,8.679085648148147,scrapy/scrapy
scrapy,scrapy,6632,Installed Scrapy in a new environment through Anaconda but can't run bench,closed,2025-01-25 09:57:07+00:00,2025-01-27 10:21:32+00:00,3,bug,https://github.com/scrapy/scrapy/issues/6632,48.40694444444444,2.0169560185185182,scrapy/scrapy
scrapy,scrapy,6619,test_s3_export fails with boto3 >= 1.36.0,closed,2025-01-18 16:25:28+00:00,2025-01-22 11:14:34+00:00,5,bug;good first issue;CI,https://github.com/scrapy/scrapy/issues/6619,90.81833333333333,3.784097222222222,scrapy/scrapy
scrapy,scrapy,6617,GCSFeedStorage does not support feed_options,closed,2025-01-17 13:44:06+00:00,2025-01-23 16:06:47+00:00,9,bug;good first issue,https://github.com/scrapy/scrapy/issues/6617,146.37805555555556,6.099085648148148,scrapy/scrapy
scrapy,scrapy,6600,Investigate off-by-1 in `scrapy.cmdline._pop_command_name()`,closed,2025-01-01 19:47:08+00:00,2025-01-14 15:40:25+00:00,4,bug;good first issue,https://github.com/scrapy/scrapy/issues/6600,307.8880555555556,12.828668981481483,scrapy/scrapy
scrapy,scrapy,6593,Fix Crawler.request_fingerprinter typing,closed,2024-12-27 14:41:09+00:00,2025-01-07 09:40:51+00:00,3,bug;good first issue;typing,https://github.com/scrapy/scrapy/issues/6593,258.995,10.791458333333333,scrapy/scrapy
scrapy,scrapy,6505,return in finally can swallow exception,closed,2024-10-22 16:21:43+00:00,2024-11-14 19:48:08+00:00,15,bug;good first issue,https://github.com/scrapy/scrapy/issues/6505,555.4402777777777,23.143344907407407,scrapy/scrapy
scrapy,scrapy,6504,Fix typing for Twisted 24.10.0,closed,2024-10-22 14:40:29+00:00,2024-10-29 18:08:39+00:00,4,bug;CI;typing,https://github.com/scrapy/scrapy/issues/6504,171.46944444444443,7.144560185185185,scrapy/scrapy
scrapy,scrapy,6450,"Twisted 24.7.0rc1 deprecation: ""twisted.web.http.HTTPClient was deprecated in Twisted 24.7.0rc1: Use twisted.web.client.Agent instead""",closed,2024-07-31 17:11:33+00:00,2025-01-28 09:29:48+00:00,9,bug;cleanup;wontfix,https://github.com/scrapy/scrapy/issues/6450,4336.304166666667,180.67934027777778,scrapy/scrapy
scrapy,scrapy,6398,Improve the docs of the dont_filter parameter of Request,closed,2024-06-10 08:51:23+00:00,2026-02-10 08:49:11+00:00,0,bug;docs,https://github.com/scrapy/scrapy/issues/6398,14639.963333333333,609.9984722222222,scrapy/scrapy
scrapy,scrapy,6383,Error handling in contract parsing,closed,2024-05-30 16:59:37+00:00,2024-06-05 04:34:47+00:00,2,bug;good first issue,https://github.com/scrapy/scrapy/issues/6383,131.5861111111111,5.482754629629629,scrapy/scrapy
scrapy,scrapy,6369,persist_file() can return a Deferred that is never awaited,closed,2024-05-18 20:19:57+00:00,2026-03-24 09:52:58+00:00,3,bug;media pipelines,https://github.com/scrapy/scrapy/issues/6369,16189.550277777778,674.5645949074075,scrapy/scrapy
scrapy,scrapy,6365,Fix overridable methods in MediaPipeline,closed,2024-05-15 15:03:25+00:00,2024-05-28 08:42:59+00:00,1,bug,https://github.com/scrapy/scrapy/issues/6365,305.65944444444443,12.735810185185185,scrapy/scrapy
scrapy,scrapy,6361,Remove top-level reactor imports from CrawlerProces/CrawlerRunner examples ,closed,2024-05-14 09:52:47+00:00,2024-05-27 10:36:35+00:00,5,bug;good first issue;docs,https://github.com/scrapy/scrapy/issues/6361,312.73,13.030416666666667,scrapy/scrapy
scrapy,scrapy,6350,CachingHostnameResolver with CONCURRENT_REQUESTS_PER_IP fails,closed,2024-05-08 21:22:20+00:00,2025-12-05 17:03:23+00:00,8,bug,https://github.com/scrapy/scrapy/issues/6350,13819.684166666666,575.820173611111,scrapy/scrapy
scrapy,scrapy,6343,Make certain args of `ScrapyAgent` and `TunnelingAgent` required,closed,2024-05-07 08:23:10+00:00,2024-05-10 09:43:50+00:00,1,bug,https://github.com/scrapy/scrapy/issues/6343,73.34444444444445,3.0560185185185187,scrapy/scrapy
scrapy,scrapy,6342,"Set METAREFRESH_IGNORE_TAGS to [""noscript""] by default",closed,2024-05-07 07:32:13+00:00,2024-05-10 07:47:41+00:00,3,bug;good first issue;backward-incompatible,https://github.com/scrapy/scrapy/issues/6342,72.25777777777778,3.0107407407407405,scrapy/scrapy
scrapy,scrapy,6328,'json' selector type not documented,closed,2024-05-03 15:53:56+00:00,2024-06-06 05:55:57+00:00,4,bug;good first issue;docs,https://github.com/scrapy/scrapy/issues/6328,806.0336111111111,33.5847337962963,scrapy/scrapy
scrapy,scrapy,6308,Different behavior of `get_header` between urllib.Request and WrappedRequest,closed,2024-04-06 16:52:05+00:00,2024-04-08 09:47:55+00:00,4,bug;good first issue,https://github.com/scrapy/scrapy/issues/6308,40.93055555555556,1.7054398148148149,scrapy/scrapy
scrapy,scrapy,6307,Scrapy and Great Expectations: Error - __provides__,closed,2024-04-05 15:00:38+00:00,2024-04-29 14:28:01+00:00,12,bug,https://github.com/scrapy/scrapy/issues/6307,575.4563888888889,23.97734953703704,scrapy/scrapy
scrapy,scrapy,6292,Handle robots.txt files not utf-8 encoded,closed,2024-03-15 13:17:43+00:00,2024-04-05 08:49:12+00:00,3,bug;good first issue,https://github.com/scrapy/scrapy/issues/6292,499.52472222222224,20.813530092592593,scrapy/scrapy
scrapy,scrapy,6286,WindowsRunSpiderCommandTest isn't skipped properly in the pinned envs,closed,2024-03-09 16:31:41+00:00,2024-03-12 09:17:11+00:00,0,bug;CI,https://github.com/scrapy/scrapy/issues/6286,64.75833333333334,2.698263888888889,scrapy/scrapy
scrapy,scrapy,6258,Proxy tests don't use tests/keys/mitmproxy-ca.pem,closed,2024-02-29 08:34:22+00:00,2024-02-29 12:12:02+00:00,2,bug;CI,https://github.com/scrapy/scrapy/issues/6258,3.6277777777777778,0.1511574074074074,scrapy/scrapy
scrapy,scrapy,6214,"When using mongodb MotorClient with scrapy, async with await will introduce Runtime error",closed,2024-02-02 12:27:28+00:00,2024-02-02 13:54:05+00:00,11,bug;needs more info;asyncio,https://github.com/scrapy/scrapy/issues/6214,1.4436111111111112,0.06015046296296297,scrapy/scrapy
scrapy,scrapy,6207,Document the deprecation and removal of response_httprepr,closed,2024-01-17 08:48:41+00:00,2024-02-05 11:52:03+00:00,6,bug;docs,https://github.com/scrapy/scrapy/issues/6207,459.05611111111114,19.127337962962965,scrapy/scrapy
scrapy,scrapy,6204,PyPy tests fail,closed,2024-01-12 12:41:43+00:00,2024-01-12 17:50:42+00:00,1,bug;CI,https://github.com/scrapy/scrapy/issues/6204,5.1497222222222225,0.21457175925925928,scrapy/scrapy
scrapy,scrapy,6195,The first rule in a robots.txt with BOM will be ignored,closed,2024-01-04 19:48:48+00:00,2025-10-15 14:15:08+00:00,10,bug;good first issue,https://github.com/scrapy/scrapy/issues/6195,15594.43888888889,649.7682870370371,scrapy/scrapy
scrapy,scrapy,6160,scrapy shell breaks with ipython >= 8.18.0 and AsyncioSelectorReactor,closed,2023-11-28 10:24:12+00:00,2024-01-05 20:04:07+00:00,6,bug;asyncio,https://github.com/scrapy/scrapy/issues/6160,921.6652777777778,38.40271990740741,scrapy/scrapy
scrapy,scrapy,6121,Scheduler initializes disk queue even if `JOBDIR` is empty string,closed,2023-10-24 17:12:21+00:00,2023-10-31 13:37:27+00:00,0,bug;good first issue,https://github.com/scrapy/scrapy/issues/6121,164.41833333333332,6.850763888888888,scrapy/scrapy
scrapy,scrapy,6056,Dropping is_botocore wasn't documented,closed,2023-09-20 10:20:20+00:00,2023-09-22 08:12:22+00:00,2,bug;good first issue;docs,https://github.com/scrapy/scrapy/issues/6056,45.867222222222225,1.9111342592592593,scrapy/scrapy
scrapy,scrapy,6044,PyPy tests crash,closed,2023-09-12 07:25:07+00:00,2023-09-12 14:18:27+00:00,3,bug;CI;upstream issue,https://github.com/scrapy/scrapy/issues/6044,6.888888888888889,0.28703703703703703,scrapy/scrapy
scrapy,scrapy,6024,Problem with Twisted AttributeError: 'EPollReactor' object has no attribute '_handleSignals',closed,2023-08-29 00:04:21+00:00,2023-10-17 13:08:25+00:00,8,bug,https://github.com/scrapy/scrapy/issues/6024,1189.0677777777778,49.54449074074074,scrapy/scrapy
scrapy,scrapy,6008,"The ""item-pipeline"" section example of the docs was not updated.",closed,2023-08-10 07:50:31+00:00,2023-08-10 11:48:45+00:00,0,bug;good first issue;docs,https://github.com/scrapy/scrapy/issues/6008,3.9705555555555554,0.16543981481481482,scrapy/scrapy
scrapy,scrapy,5992,NotConfigured logging breaks when the component is added by class object,closed,2023-08-01 12:50:59+00:00,2023-08-01 18:19:00+00:00,0,bug;good first issue,https://github.com/scrapy/scrapy/issues/5992,5.466944444444445,0.22778935185185187,scrapy/scrapy
scrapy,scrapy,5990,"Requesting a site by its IP address instead of hostname raises OpenSSL.SSL.Error: [('SSL routines', '', 'tlsv1 alert internal error')]",closed,2023-07-28 07:12:16+00:00,2026-06-09 08:40:02+00:00,5,bug;https,https://github.com/scrapy/scrapy/issues/5990,25129.46277777778,1047.0609490740742,scrapy/scrapy
scrapy,scrapy,5989,"type annotation of ""headers"" argument of scrapy.Request is incomplete",closed,2023-07-26 12:01:33+00:00,2023-10-17 17:07:14+00:00,1,bug;typing,https://github.com/scrapy/scrapy/issues/5989,1997.0947222222221,83.2122800925926,scrapy/scrapy
scrapy,scrapy,5961,Fixing the dirty reactor errors,closed,2023-06-25 10:08:49+00:00,2026-03-27 18:46:20+00:00,2,bug;CI,https://github.com/scrapy/scrapy/issues/5961,24152.625277777777,1006.359386574074,scrapy/scrapy
scrapy,scrapy,5959,BaseSettings.pop method throws KeyError even if default value is provided,closed,2023-06-21 17:03:40+00:00,2023-06-24 14:23:19+00:00,4,bug,https://github.com/scrapy/scrapy/issues/5959,69.3275,2.8886458333333334,scrapy/scrapy
scrapy,scrapy,5957,Investigate/fix test_start_requests_laziness(),closed,2023-06-20 17:18:38+00:00,2023-08-08 17:19:15+00:00,1,bug;CI,https://github.com/scrapy/scrapy/issues/5957,1176.0102777777777,49.00042824074074,scrapy/scrapy
scrapy,scrapy,5936,Docs involving Request.cookies are inaccurate,closed,2023-05-18 15:00:43+00:00,2023-10-02 16:40:28+00:00,3,bug;docs,https://github.com/scrapy/scrapy/issues/5936,3289.6625,137.06927083333332,scrapy/scrapy
scrapy,scrapy,5933,test_s3_export fails on Windows/asyncio,closed,2023-05-15 10:43:28+00:00,2023-06-25 09:41:24+00:00,1,bug;Windows;CI,https://github.com/scrapy/scrapy/issues/5933,982.9655555555555,40.95689814814815,scrapy/scrapy
scrapy,scrapy,5932,_store_in_thread must not receive a closed file when using postprocessing plugins,closed,2023-05-15 08:24:07+00:00,2024-02-21 13:27:43+00:00,2,bug,https://github.com/scrapy/scrapy/issues/5932,6773.06,282.21083333333337,scrapy/scrapy
scrapy,scrapy,5886,scrapy doesn't see project settings while debugging spiders in vscode,closed,2023-04-05 12:11:26+00:00,2023-05-02 19:05:32+00:00,1,bug;docs;needs more info,https://github.com/scrapy/scrapy/issues/5886,654.9016666666666,27.287569444444443,scrapy/scrapy
scrapy,scrapy,5878,Scrapy docs: 'make htmlview' does not work,closed,2023-03-28 03:22:04+00:00,2023-03-29 08:06:09+00:00,1,bug;good first issue,https://github.com/scrapy/scrapy/issues/5878,28.73472222222222,1.1972800925925926,scrapy/scrapy
scrapy,scrapy,5875,Fix broken JavaScript reference in the docs,closed,2023-03-27 11:07:45+00:00,2023-03-28 10:05:48+00:00,0,bug;good first issue;docs,https://github.com/scrapy/scrapy/issues/5875,22.9675,0.9569791666666667,scrapy/scrapy
scrapy,scrapy,5874,Scrapy does not decode base64 MD5 checksum from GCS,closed,2023-03-27 05:55:22+00:00,2023-04-11 16:25:43+00:00,12,bug;good first issue,https://github.com/scrapy/scrapy/issues/5874,370.5058333333333,15.437743055555556,scrapy/scrapy
scrapy,scrapy,5872,get_func_args does not fully work in CPython,closed,2023-03-26 15:22:09+00:00,2023-04-13 09:44:22+00:00,2,bug,https://github.com/scrapy/scrapy/issues/5872,426.3702777777778,17.765428240740743,scrapy/scrapy
scrapy,scrapy,5857,TLS logging broken with new cryptography,closed,2023-03-24 15:01:33+00:00,2023-03-27 10:44:46+00:00,2,bug;good first issue;https,https://github.com/scrapy/scrapy/issues/5857,67.72027777777778,2.821678240740741,scrapy/scrapy
scrapy,scrapy,5831,Asyncio event loop handling results in hang in scrapy shell with scrapy-playwright,closed,2023-02-16 07:04:15+00:00,2023-03-14 08:31:15+00:00,0,bug;asyncio,https://github.com/scrapy/scrapy/issues/5831,625.45,26.06041666666667,scrapy/scrapy
scrapy,scrapy,5825,Tests fail/hang after merging #5816,closed,2023-02-04 20:42:58+00:00,2023-02-14 08:40:40+00:00,0,bug;CI,https://github.com/scrapy/scrapy/issues/5825,227.96166666666667,9.498402777777779,scrapy/scrapy
scrapy,scrapy,5819,Scrapy parse doesn't support async callbacks with yield,closed,2023-01-31 11:28:32+00:00,2023-03-10 15:20:17+00:00,2,bug;asyncio,https://github.com/scrapy/scrapy/issues/5819,915.8625,38.160937499999996,scrapy/scrapy
scrapy,scrapy,5811,`BaseSettings.setdefault` does nothing,closed,2023-01-28 00:18:46+00:00,2023-03-07 09:27:01+00:00,5,bug;good first issue,https://github.com/scrapy/scrapy/issues/5811,921.1375,38.38072916666667,scrapy/scrapy
scrapy,scrapy,5785,pypy3-pinned OpenSSL error,closed,2023-01-06 14:08:19+00:00,2023-01-07 19:48:41+00:00,0,bug;CI,https://github.com/scrapy/scrapy/issues/5785,29.672777777777778,1.2363657407407407,scrapy/scrapy
scrapy,scrapy,5765,AsyncioTest failures,closed,2022-12-19 08:42:09+00:00,2023-01-06 18:51:09+00:00,1,bug;CI;asyncio,https://github.com/scrapy/scrapy/issues/5765,442.15,18.422916666666666,scrapy/scrapy
scrapy,scrapy,5762,reppy problems in CI,closed,2022-12-15 14:32:47+00:00,2023-01-02 15:13:46+00:00,0,bug;CI,https://github.com/scrapy/scrapy/issues/5762,432.68305555555554,18.028460648148148,scrapy/scrapy
scrapy,scrapy,5750,test_follow_whitespace_* tests broken by new w3lib,closed,2022-12-09 13:41:40+00:00,2022-12-12 18:49:25+00:00,2,bug;CI,https://github.com/scrapy/scrapy/issues/5750,77.12916666666666,3.2137152777777778,scrapy/scrapy
scrapy,scrapy,5749,Fix CI for the tox 4.0 changes,closed,2022-12-09 07:17:29+00:00,2023-01-06 18:53:21+00:00,2,bug;CI,https://github.com/scrapy/scrapy/issues/5749,683.5977777777778,28.48324074074074,scrapy/scrapy
scrapy,scrapy,5740,asyncio exception in scrapy shell,closed,2022-11-29 18:32:23+00:00,2022-12-15 05:22:02+00:00,3,bug;help wanted;Windows;asyncio,https://github.com/scrapy/scrapy/issues/5740,370.8275,15.451145833333333,scrapy/scrapy
scrapy,scrapy,5709,"scrapy -h outputs a stray ""commands""",closed,2022-11-09 09:31:44+00:00,2022-11-10 14:38:48+00:00,0,bug;good first issue,https://github.com/scrapy/scrapy/issues/5709,29.11777777777778,1.2132407407407408,scrapy/scrapy
scrapy,scrapy,5707,Possibly contradictory documentation about propagation of `Response.request`,closed,2022-11-08 09:26:05+00:00,2023-06-21 18:05:41+00:00,8,bug;docs,https://github.com/scrapy/scrapy/issues/5707,5408.66,225.36083333333332,scrapy/scrapy
scrapy,scrapy,5685,DeprecationWarning: There is no current event loop,closed,2022-10-20 07:25:25+00:00,2022-10-27 12:02:13+00:00,7,bug;cleanup;asyncio,https://github.com/scrapy/scrapy/issues/5685,172.61333333333334,7.192222222222223,scrapy/scrapy
scrapy,scrapy,5612,A test fails with new w3lib,closed,2022-08-29 07:02:15+00:00,2022-09-07 07:58:12+00:00,0,bug;CI,https://github.com/scrapy/scrapy/issues/5612,216.9325,9.038854166666667,scrapy/scrapy
scrapy,scrapy,5602,Clarify the return type of callbacks,closed,2022-08-18 05:28:21+00:00,2022-10-02 19:19:09+00:00,2,bug;good first issue;docs,https://github.com/scrapy/scrapy/issues/5602,1093.8466666666666,45.57694444444444,scrapy/scrapy
scrapy,scrapy,5515,Response.headers loses data on multiple values,closed,2022-06-06 11:25:01+00:00,2022-06-27 18:03:01+00:00,0,bug,https://github.com/scrapy/scrapy/issues/5515,510.6333333333333,21.27638888888889,scrapy/scrapy
scrapy,scrapy,5500,Postprocessing feeds do not work for S3 feed storage,closed,2022-05-14 02:59:10+00:00,2023-04-11 11:06:14+00:00,1,bug,https://github.com/scrapy/scrapy/issues/5500,7976.1177777777775,332.33824074074073,scrapy/scrapy
scrapy,scrapy,5464,2.6 introduced an undocumented field rename in request serialization,closed,2022-04-05 12:38:17+00:00,2022-04-13 17:17:44+00:00,4,bug;docs,https://github.com/scrapy/scrapy/issues/5464,196.6575,8.1940625,scrapy/scrapy
scrapy,scrapy,5454,test_proxy_connect.py hangs with mitmproxy 8.0.0 (affecting 3.8 tests),closed,2022-03-21 06:16:36+00:00,2024-01-12 10:26:41+00:00,4,bug;CI,https://github.com/scrapy/scrapy/issues/5454,15892.168055555556,662.1736689814815,scrapy/scrapy
scrapy,scrapy,5444,-o - broken in 2.6,closed,2022-03-08 08:19:36+00:00,2022-03-15 10:31:07+00:00,0,bug,https://github.com/scrapy/scrapy/issues/5444,170.19194444444443,7.091331018518518,scrapy/scrapy
scrapy,scrapy,5437,CLOSESPIDER_TIMEOUT problem.,closed,2022-03-03 13:16:39+00:00,2022-04-08 09:55:06+00:00,9,bug,https://github.com/scrapy/scrapy/issues/5437,860.6408333333334,35.860034722222224,scrapy/scrapy
scrapy,scrapy,5435,2.6.0 breaks calling multiple Spider in CrawlerProcess(),closed,2022-03-02 09:58:06+00:00,2022-04-07 15:00:09+00:00,11,bug,https://github.com/scrapy/scrapy/issues/5435,869.0341666666667,36.20975694444444,scrapy/scrapy
scrapy,scrapy,5425,ImportError: cannot import name 'soft_unicode' from 'markupsafe',closed,2022-02-22 13:50:45+00:00,2022-02-23 18:52:18+00:00,3,bug;CI,https://github.com/scrapy/scrapy/issues/5425,29.025833333333335,1.2094097222222222,scrapy/scrapy
scrapy,scrapy,5424,scrapy parse doesn't support async callbacks,closed,2022-02-21 10:50:47+00:00,2022-10-15 08:11:07+00:00,2,bug;asyncio,https://github.com/scrapy/scrapy/issues/5424,5661.3388888888885,235.88912037037036,scrapy/scrapy
scrapy,scrapy,5414,Change external link (for robots.txt parser comparison) in docs to a more lasting page,closed,2022-02-13 08:42:54+00:00,2022-02-14 18:16:53+00:00,2,bug;good first issue;docs,https://github.com/scrapy/scrapy/issues/5414,33.56638888888889,1.398599537037037,scrapy/scrapy
scrapy,scrapy,5404,tests/test_command_check.py::CheckCommandTest depends on example.com,closed,2022-02-08 18:09:45+00:00,2022-02-10 09:50:12+00:00,2,bug;CI,https://github.com/scrapy/scrapy/issues/5404,39.674166666666665,1.6530902777777776,scrapy/scrapy
scrapy,scrapy,5402,API documentation links seem broken,closed,2022-02-08 17:29:58+00:00,2025-01-08 11:00:07+00:00,1,bug;docs,https://github.com/scrapy/scrapy/issues/5402,25553.5025,1064.7292708333332,scrapy/scrapy
scrapy,scrapy,5400,Tests broken with Twisted 22.1.0,closed,2022-02-07 13:48:23+00:00,2022-02-08 19:06:25+00:00,2,bug;CI,https://github.com/scrapy/scrapy/issues/5400,29.300555555555555,1.2208564814814815,scrapy/scrapy
scrapy,scrapy,5391,Incorrect initialization of `csviter` in `scrapy.spiders.feed.CSVFeedSpider`,closed,2022-02-05 13:32:04+00:00,2022-02-08 13:57:19+00:00,0,bug;good first issue,https://github.com/scrapy/scrapy/issues/5391,72.42083333333333,3.0175347222222224,scrapy/scrapy
scrapy,scrapy,5386,Fix SMTP STARTTLS for Twisted >= 21.2.0,closed,2022-02-01 16:09:00+00:00,2023-01-19 18:44:59+00:00,14,bug;good first issue,https://github.com/scrapy/scrapy/issues/5386,8450.599722222221,352.10832175925924,scrapy/scrapy
scrapy,scrapy,5383,Type error when we try to retrieve the `FEEDS` setting via CLI and it has a `Path` objects as a key,closed,2022-01-30 11:41:20+00:00,2022-02-04 08:57:57+00:00,2,bug,https://github.com/scrapy/scrapy/issues/5383,117.27694444444444,4.886539351851852,scrapy/scrapy
scrapy,scrapy,5379,Proxy + invalid domain makes Downloader stuck,closed,2022-01-26 07:06:54+00:00,2026-04-14 15:13:23+00:00,3,bug,https://github.com/scrapy/scrapy/issues/5379,36944.10805555555,1539.337835648148,scrapy/scrapy
scrapy,scrapy,5323,Warning: Unable to determine whether or not callable is a generator with a return value [unable to parse decorated class methods],closed,2021-11-17 04:06:32+00:00,2022-10-26 07:47:10+00:00,2,bug,https://github.com/scrapy/scrapy/issues/5323,8235.677222222223,343.1532175925926,scrapy/scrapy
scrapy,scrapy,5319,Open in Browser `<base>` replacement will fail if `<head>` has attributes,closed,2021-11-15 10:09:46+00:00,2021-12-21 12:49:32+00:00,1,bug,https://github.com/scrapy/scrapy/issues/5319,866.6627777777778,36.11094907407408,scrapy/scrapy
scrapy,scrapy,5306,macOS Python 3.10 tests always fail,closed,2021-10-31 10:25:59+00:00,2024-10-16 19:32:30+00:00,7,bug;macOS,https://github.com/scrapy/scrapy/issues/5306,25953.10861111111,1081.3795254629629,scrapy/scrapy
scrapy,scrapy,5298,Tests failing with new Sybil,closed,2021-10-27 14:35:27+00:00,2021-11-04 14:00:14+00:00,4,bug;CI,https://github.com/scrapy/scrapy/issues/5298,191.41305555555556,7.975543981481482,scrapy/scrapy
scrapy,scrapy,5286,HTTPS TorGuard proxies time out,closed,2021-10-20 19:11:23+00:00,2022-03-08 09:22:57+00:00,16,bug,https://github.com/scrapy/scrapy/issues/5286,3326.192777777778,138.59136574074074,scrapy/scrapy
scrapy,scrapy,5273,Doctest failure,closed,2021-10-12 12:53:24+00:00,2021-10-12 17:20:09+00:00,2,bug;good first issue;docs;CI,https://github.com/scrapy/scrapy/issues/5273,4.445833333333334,0.18524305555555556,scrapy/scrapy
scrapy,scrapy,5237,Scrapy > 2.3 prevents passing callback in cb_kwargs,closed,2021-08-31 14:26:16+00:00,2021-10-01 07:50:42+00:00,3,bug,https://github.com/scrapy/scrapy/issues/5237,737.4072222222222,30.725300925925925,scrapy/scrapy
scrapy,scrapy,5220,XPath tutorial xpathdemo live widget does not display Result,closed,2021-08-01 08:48:29+00:00,2025-01-14 11:44:44+00:00,5,bug;docs;upstream issue,https://github.com/scrapy/scrapy/issues/5220,30290.9375,1262.1223958333333,scrapy/scrapy
scrapy,scrapy,5212,Test failures on 3.10,closed,2021-07-20 07:44:51+00:00,2021-08-11 09:19:51+00:00,0,bug;CI,https://github.com/scrapy/scrapy/issues/5212,529.5833333333334,22.065972222222225,scrapy/scrapy
scrapy,scrapy,5180,versionadded inside a warning in CrawlSpider docs,closed,2021-06-15 08:58:17+00:00,2021-06-29 12:54:23+00:00,1,bug;good first issue;docs,https://github.com/scrapy/scrapy/issues/5180,339.935,14.163958333333333,scrapy/scrapy
scrapy,scrapy,5157,FileFeedStoragePreFeedOptionsTest fails if /tmp/foobar already exists with different ownership,closed,2021-05-23 13:23:03+00:00,2021-08-05 19:23:12+00:00,0,bug;good first issue;CI,https://github.com/scrapy/scrapy/issues/5157,1782.0025,74.25010416666667,scrapy/scrapy
scrapy,scrapy,5154,Problem when running tests,closed,2021-05-20 23:51:39+00:00,2023-10-29 17:06:14+00:00,7,bug;CI,https://github.com/scrapy/scrapy/issues/5154,21401.243055555555,891.7184606481482,scrapy/scrapy
scrapy,scrapy,5105,Scrapy is definitely slow when working from cache,closed,2021-04-20 11:06:33+00:00,2021-04-26 18:09:23+00:00,20,bug,https://github.com/scrapy/scrapy/issues/5105,151.04722222222222,6.293634259259259,scrapy/scrapy
scrapy,scrapy,5096,Wrong charset handling in MailSender,closed,2021-04-11 15:50:51+00:00,2023-09-07 05:47:44+00:00,6,bug,https://github.com/scrapy/scrapy/issues/5096,21085.948055555556,878.5811689814815,scrapy/scrapy
scrapy,scrapy,5085,HTTP2 test failures with some OpenSSL,closed,2021-04-07 11:41:25+00:00,2021-04-14 17:02:00+00:00,2,bug;CI,https://github.com/scrapy/scrapy/issues/5085,173.34305555555557,7.222627314814815,scrapy/scrapy
scrapy,scrapy,5080,Allow building the documentation with make in systems without /bin/bash,closed,2021-04-05 09:46:24+00:00,2021-04-21 09:30:50+00:00,2,bug;docs,https://github.com/scrapy/scrapy/issues/5080,383.74055555555555,15.989189814814814,scrapy/scrapy
scrapy,scrapy,5079,ImagePipeline breaks on invalid images,closed,2021-04-05 07:08:04+00:00,2021-07-13 16:27:56+00:00,24,bug;good first issue,https://github.com/scrapy/scrapy/issues/5079,2385.331111111111,99.38879629629629,scrapy/scrapy
scrapy,scrapy,5043,S3 CsvItemExporter read of closed file error,closed,2021-03-16 22:39:50+00:00,2023-06-13 14:14:29+00:00,22,bug,https://github.com/scrapy/scrapy/issues/5043,19647.5775,818.6490625,scrapy/scrapy
scrapy,scrapy,5032,Fix and re-enable tests on macOS,closed,2021-03-09 14:24:14+00:00,2024-10-16 19:55:11+00:00,3,bug;CI,https://github.com/scrapy/scrapy/issues/5032,31613.515833333335,1317.229826388889,scrapy/scrapy
scrapy,scrapy,5020,"test_pipeline_images.py fails with ""TypeError: Skipped expected string as 'msg' parameter, got 'bool' instead.""",closed,2021-03-02 12:51:14+00:00,2021-03-19 17:39:44+00:00,10,bug;CI,https://github.com/scrapy/scrapy/issues/5020,412.80833333333334,17.200347222222224,scrapy/scrapy
scrapy,scrapy,4976,Fix and document asyncio reactor problems on Windows,closed,2021-02-04 15:08:05+00:00,2021-12-31 19:38:10+00:00,13,bug;Windows,https://github.com/scrapy/scrapy/issues/4976,7924.501388888889,330.18755787037037,scrapy/scrapy
scrapy,scrapy,4962,FEED_URI_PARAMS: custom params throws KeyError,closed,2021-01-22 18:24:19+00:00,2022-01-28 17:30:30+00:00,9,bug;good first issue,https://github.com/scrapy/scrapy/issues/4962,8903.103055555555,370.9626273148148,scrapy/scrapy
scrapy,scrapy,4920,Shell fetch does not use http_proxy,closed,2020-12-09 14:45:19+00:00,2020-12-13 09:25:46+00:00,1,bug,https://github.com/scrapy/scrapy/issues/4920,90.67416666666666,3.778090277777778,scrapy/scrapy
scrapy,scrapy,4907,Typo in XML exporter serialize_field in Scrapy docs,closed,2020-11-27 10:31:38+00:00,2020-11-29 20:28:13+00:00,2,bug;good first issue;docs,https://github.com/scrapy/scrapy/issues/4907,57.94305555555555,2.414293981481481,scrapy/scrapy
scrapy,scrapy,4893,Corutines not working with signal spider_opened - spider freezes,closed,2020-11-18 10:42:15+00:00,2020-11-18 11:11:00+00:00,3,bug;asyncio,https://github.com/scrapy/scrapy/issues/4893,0.4791666666666667,0.01996527777777778,scrapy/scrapy
scrapy,scrapy,4892,Update all links in installation guide,closed,2020-11-18 08:12:49+00:00,2020-12-03 09:56:37+00:00,3,bug;good first issue;docs,https://github.com/scrapy/scrapy/issues/4892,361.73,15.072083333333333,scrapy/scrapy
scrapy,scrapy,4887,Not started engine if async open_spider,closed,2020-11-14 08:08:11+00:00,2020-11-16 14:38:00+00:00,2,bug;asyncio,https://github.com/scrapy/scrapy/issues/4887,54.496944444444445,2.2707060185185184,scrapy/scrapy
scrapy,scrapy,4857,Cannot overwrite an output file with -O,closed,2020-10-27 17:43:05+00:00,2020-11-04 21:29:37+00:00,0,bug,https://github.com/scrapy/scrapy/issues/4857,195.77555555555554,8.157314814814814,scrapy/scrapy
scrapy,scrapy,4841,tests/test_downloadermiddleware.py bug with Twisted 17.9.0 ,closed,2020-10-10 18:54:44+00:00,2020-11-18 06:38:10+00:00,5,bug;CI,https://github.com/scrapy/scrapy/issues/4841,923.7238888888888,38.488495370370366,scrapy/scrapy
scrapy,scrapy,4833,xmliter_lxml cannot find namespaced node names,closed,2020-10-06 16:50:02+00:00,2024-02-14 19:21:06+00:00,1,bug,https://github.com/scrapy/scrapy/issues/4833,29426.51777777778,1226.1049074074074,scrapy/scrapy
scrapy,scrapy,4829,CSV item exporter does not flush on close,closed,2020-10-05 18:19:06+00:00,2021-02-24 20:49:59+00:00,9,bug;good first issue;docs,https://github.com/scrapy/scrapy/issues/4829,3410.514722222222,142.1047800925926,scrapy/scrapy
scrapy,scrapy,4805,Wrong annotations in scrapy.crawler.CrawlProcess.crawl docstrings,closed,2020-09-23 15:38:45+00:00,2020-10-01 18:46:15+00:00,5,bug;help wanted;typing,https://github.com/scrapy/scrapy/issues/4805,195.125,8.130208333333334,scrapy/scrapy
scrapy,scrapy,4802,CachingHostnameResolver does not work with reactor.resolve(),closed,2020-09-21 04:11:07+00:00,2020-10-20 08:55:08+00:00,4,bug;upstream issue,https://github.com/scrapy/scrapy/issues/4802,700.7336111111111,29.1972337962963,scrapy/scrapy
scrapy,scrapy,4766,Invalid cookies ('value' missing) - Added in 2.3.0 - scrapy/downloadermiddlewares/cookies.py ,closed,2020-08-29 16:41:38+00:00,2020-10-02 18:38:14+00:00,2,bug,https://github.com/scrapy/scrapy/issues/4766,817.9433333333334,34.08097222222222,scrapy/scrapy
scrapy,scrapy,4763,Scrapy parses commented out <base> element,closed,2020-08-28 11:32:50+00:00,2023-01-29 21:23:47+00:00,4,bug;upstream issue,https://github.com/scrapy/scrapy/issues/4763,21225.849166666667,884.4103819444445,scrapy/scrapy
scrapy,scrapy,4762,request fingerprint should separate different sections when building a hash,closed,2020-08-27 19:27:58+00:00,2022-06-07 16:44:55+00:00,4,bug,https://github.com/scrapy/scrapy/issues/4762,15573.2825,648.8867708333333,scrapy/scrapy
scrapy,scrapy,4760,Error when use scrapy in cmd,closed,2020-08-26 12:59:01+00:00,2020-08-28 09:33:22+00:00,3,bug;Windows;needs more info,https://github.com/scrapy/scrapy/issues/4760,44.5725,1.8571875,scrapy/scrapy
scrapy,scrapy,4726,Test failures on Debian Unstable,closed,2020-08-14 09:57:38+00:00,2020-08-25 06:48:31+00:00,0,bug;CI,https://github.com/scrapy/scrapy/issues/4726,260.84805555555556,10.868668981481482,scrapy/scrapy
scrapy,scrapy,4717,Request cookies not updated with values from previous response,closed,2020-08-10 11:51:38+00:00,2020-10-08 15:20:33+00:00,4,bug,https://github.com/scrapy/scrapy/issues/4717,1419.4819444444445,59.14508101851852,scrapy/scrapy
scrapy,scrapy,4702,Tests fail because of pytest 6.0.0,closed,2020-07-29 10:53:38+00:00,2020-07-30 06:27:26+00:00,6,bug;CI,https://github.com/scrapy/scrapy/issues/4702,19.563333333333333,0.8151388888888889,scrapy/scrapy
scrapy,scrapy,4671,Add docs for FEEDS.uri_params and FEED_URI_PARAMS,closed,2020-07-09 08:50:52+00:00,2020-08-14 09:47:56+00:00,1,bug;docs,https://github.com/scrapy/scrapy/issues/4671,864.9511111111111,36.03962962962963,scrapy/scrapy
scrapy,scrapy,4667,List of fields incorrectly accessed for dataclass items,closed,2020-07-08 15:44:07+00:00,2020-07-28 09:15:14+00:00,1,bug,https://github.com/scrapy/scrapy/issues/4667,473.5186111111111,19.72994212962963,scrapy/scrapy
scrapy,scrapy,4665,startproject only allows creating the project on an existing folder if the path is specified with an invalid module name,closed,2020-07-07 11:57:51+00:00,2021-08-24 07:18:49+00:00,3,bug,https://github.com/scrapy/scrapy/issues/4665,9907.349444444444,412.8062268518518,scrapy/scrapy
scrapy,scrapy,4662,scrapy startproject alters executable permissions in local virtualenv,closed,2020-07-06 17:34:57+00:00,2020-07-13 11:01:06+00:00,1,bug,https://github.com/scrapy/scrapy/issues/4662,161.43583333333333,6.726493055555555,scrapy/scrapy
scrapy,scrapy,4644,test_integration_downloader_aware_priority_queue raises exception,closed,2020-06-23 12:56:02+00:00,2020-06-25 13:36:44+00:00,0,bug,https://github.com/scrapy/scrapy/issues/4644,48.678333333333335,2.028263888888889,scrapy/scrapy
scrapy,scrapy,4643,Allow run pyw scripts,closed,2020-06-22 16:03:21+00:00,2020-10-01 18:53:09+00:00,4,bug;Windows,https://github.com/scrapy/scrapy/issues/4643,2426.83,101.11791666666666,scrapy/scrapy
scrapy,scrapy,4621,Storage.store is called only for the first feed when empty,closed,2020-06-10 07:57:56+00:00,2020-06-17 15:08:15+00:00,2,bug,https://github.com/scrapy/scrapy/issues/4621,175.17194444444445,7.298831018518519,scrapy/scrapy
scrapy,scrapy,4619,Duplicated feed logs when having multiple feeds,closed,2020-06-09 16:27:31+00:00,2020-06-23 10:33:49+00:00,1,bug,https://github.com/scrapy/scrapy/issues/4619,330.105,13.754375000000001,scrapy/scrapy
scrapy,scrapy,4597,KeyError in is_generator_with_return_value,closed,2020-05-27 06:56:02+00:00,2020-05-27 16:42:05+00:00,0,bug,https://github.com/scrapy/scrapy/issues/4597,9.7675,0.40697916666666667,scrapy/scrapy
scrapy,scrapy,4592,Remove unneeded escape sequences from documentation API signatures,closed,2020-05-22 14:54:13+00:00,2020-06-01 21:30:34+00:00,2,bug;good first issue;docs,https://github.com/scrapy/scrapy/issues/4592,246.60583333333332,10.275243055555555,scrapy/scrapy
scrapy,scrapy,4578,Downloadable documentation is missing for versions 2.0 and 2.1 on readthedocs.org,closed,2020-05-14 23:43:56+00:00,2020-05-19 15:45:21+00:00,4,bug;docs,https://github.com/scrapy/scrapy/issues/4578,112.02361111111111,4.667650462962963,scrapy/scrapy
scrapy,scrapy,4570,Flake8 build error in Travis,closed,2020-05-12 13:32:53+00:00,2020-05-13 21:02:04+00:00,6,bug;upstream issue,https://github.com/scrapy/scrapy/issues/4570,31.48638888888889,1.3119328703703703,scrapy/scrapy
scrapy,scrapy,4547,Review unicode references,closed,2020-05-07 09:47:03+00:00,2020-08-04 18:34:12+00:00,7,bug;docs,https://github.com/scrapy/scrapy/issues/4547,2144.7858333333334,89.36607638888889,scrapy/scrapy
scrapy,scrapy,4514,Outdated item pipeline example about Deferred,closed,2020-04-27 14:53:50+00:00,2020-05-22 18:12:58+00:00,4,bug;good first issue;docs,https://github.com/scrapy/scrapy/issues/4514,603.3188888888889,25.138287037037035,scrapy/scrapy
scrapy,scrapy,4511,Remove the asyncio warning from the page about coroutines,closed,2020-04-23 16:29:00+00:00,2020-04-27 17:45:19+00:00,0,bug;good first issue;docs,https://github.com/scrapy/scrapy/issues/4511,97.27194444444444,4.052997685185185,scrapy/scrapy
scrapy,scrapy,4510,configure_logging documentation example incomplete,closed,2020-04-21 18:18:48+00:00,2020-05-20 17:23:43+00:00,1,bug;docs,https://github.com/scrapy/scrapy/issues/4510,695.0819444444444,28.961747685185184,scrapy/scrapy
scrapy,scrapy,4496,Fix the hoverxref configuration,closed,2020-04-15 18:00:50+00:00,2020-04-16 13:19:46+00:00,0,bug;docs,https://github.com/scrapy/scrapy/issues/4496,19.315555555555555,0.8048148148148148,scrapy/scrapy
scrapy,scrapy,4485,TWISTED_REACTOR setting not honored from Spider.custom_settings,closed,2020-04-12 03:17:20+00:00,2022-01-06 06:31:59+00:00,15,bug;asyncio,https://github.com/scrapy/scrapy/issues/4485,15219.244166666667,634.1351736111111,scrapy/scrapy
scrapy,scrapy,4477,is_generator_with_return_value raises IndentationError with a flush left doc string,closed,2020-04-08 02:04:08+00:00,2021-03-22 14:51:12+00:00,4,bug,https://github.com/scrapy/scrapy/issues/4477,8364.784444444444,348.53268518518513,scrapy/scrapy
scrapy,scrapy,4475,The documentation cannot be built with Sphinx 3,closed,2020-04-06 00:29:27+00:00,2020-04-15 17:42:50+00:00,5,bug;docs;upstream issue,https://github.com/scrapy/scrapy/issues/4475,233.22305555555556,9.717627314814814,scrapy/scrapy
scrapy,scrapy,4408,follow_all fails with an empty list of URLs,closed,2020-03-06 16:36:29+00:00,2020-03-12 13:44:49+00:00,0,bug,https://github.com/scrapy/scrapy/issues/4408,141.13888888888889,5.880787037037037,scrapy/scrapy
scrapy,scrapy,4393,scrapy parse emits ANSI color sequences in the Windows terminal,closed,2020-03-02 10:45:39+00:00,2020-07-28 11:13:20+00:00,8,bug;Windows,https://github.com/scrapy/scrapy/issues/4393,3552.461388888889,148.01922453703705,scrapy/scrapy
scrapy,scrapy,4346,FilesDownloader with GCS downloading updtodate files again,closed,2020-02-19 13:55:38+00:00,2020-05-07 09:06:12+00:00,10,bug,https://github.com/scrapy/scrapy/issues/4346,1867.1761111111111,77.79900462962964,scrapy/scrapy
scrapy,scrapy,4332,ie. → i.e.,closed,2020-02-14 21:34:24+00:00,2020-02-19 15:49:20+00:00,5,bug;good first issue;docs,https://github.com/scrapy/scrapy/issues/4332,114.24888888888889,4.76037037037037,scrapy/scrapy
scrapy,scrapy,4308,"Mac OS X, OS X → macOS",closed,2020-02-06 08:23:42+00:00,2020-02-28 19:42:08+00:00,2,bug;good first issue;docs,https://github.com/scrapy/scrapy/issues/4308,539.3072222222222,22.47113425925926,scrapy/scrapy
scrapy,scrapy,4289,Fatal error launching scrapy>1.6.0 from Anaconda Prompt,closed,2020-01-26 14:30:25+00:00,2020-04-09 19:45:16+00:00,9,bug;install,https://github.com/scrapy/scrapy/issues/4289,1781.2475,74.21864583333333,scrapy/scrapy
scrapy,scrapy,4285,"Fix ""Debugging memory leaks with Guppy"" section (docs)",closed,2020-01-24 10:37:54+00:00,2020-04-03 02:27:47+00:00,6,bug;good first issue;docs,https://github.com/scrapy/scrapy/issues/4285,1671.8313888888888,69.6596412037037,scrapy/scrapy
scrapy,scrapy,4277,Response.follow() method not consistent with Request.__init__(). Missing `flags`.,closed,2020-01-17 13:28:19+00:00,2020-02-10 18:48:32+00:00,4,bug;good first issue;help wanted,https://github.com/scrapy/scrapy/issues/4277,581.3369444444445,24.22237268518519,scrapy/scrapy
scrapy,scrapy,4268,Random failures in CrawlTestCase.test_fixed_delay,closed,2020-01-09 11:21:43+00:00,2020-02-28 12:17:03+00:00,15,bug;good first issue,https://github.com/scrapy/scrapy/issues/4268,1200.9222222222222,50.03842592592593,scrapy/scrapy
scrapy,scrapy,4264,Document that Scrapy 1.7.0 breaks custom schedulers,closed,2020-01-02 19:34:01+00:00,2020-02-06 21:21:34+00:00,2,bug;docs,https://github.com/scrapy/scrapy/issues/4264,841.7925,35.0746875,scrapy/scrapy
scrapy,scrapy,4260,First Spider Middleware does not process exception for generator callback,closed,2019-12-30 10:02:52+00:00,2020-02-07 18:40:51+00:00,4,bug,https://github.com/scrapy/scrapy/issues/4260,944.6330555555555,39.359710648148145,scrapy/scrapy
scrapy,scrapy,4229,mail attachs tcmime***,closed,2019-12-13 12:39:22+00:00,2019-12-17 14:43:31+00:00,5,bug,https://github.com/scrapy/scrapy/issues/4229,98.06916666666666,4.086215277777778,scrapy/scrapy
scrapy,scrapy,4217,DOWNLOAD_FAIL_ON_DATALOSS logged for all requests,closed,2019-12-05 19:38:32+00:00,2026-05-02 21:11:44+00:00,4,bug,https://github.com/scrapy/scrapy/issues/4217,56161.55333333334,2340.0647222222224,scrapy/scrapy
scrapy,scrapy,4175,Scrapy does not use a non-zero exit code when pipeline's open_spider throws the exception,closed,2019-11-19 08:10:32+00:00,2020-02-25 19:46:06+00:00,4,bug,https://github.com/scrapy/scrapy/issues/4175,2363.592777777778,98.4830324074074,scrapy/scrapy
scrapy,scrapy,4145,only version 1.8.0   robots.txt forbidden,closed,2019-11-12 01:11:25+00:00,2019-12-09 12:32:11+00:00,2,bug;upstream issue,https://github.com/scrapy/scrapy/issues/4145,659.3461111111111,27.47275462962963,scrapy/scrapy
scrapy,scrapy,4124,Fix wrong fact in JOBDIR documentation about requests needing to be pickle-serializable,closed,2019-11-04 20:19:06+00:00,2019-11-08 17:49:34+00:00,0,bug;docs,https://github.com/scrapy/scrapy/issues/4124,93.50777777777778,3.8961574074074075,scrapy/scrapy
scrapy,scrapy,4076,Docs: Broken link on developer-tools,closed,2019-10-14 10:14:07+00:00,2019-10-15 18:49:51+00:00,1,bug;docs,https://github.com/scrapy/scrapy/issues/4076,32.595555555555556,1.358148148148148,scrapy/scrapy
scrapy,scrapy,4072,BOT_NAME and the user agent,closed,2019-10-11 12:15:12+00:00,2019-10-16 12:15:00+00:00,1,bug;docs,https://github.com/scrapy/scrapy/issues/4072,119.99666666666667,4.9998611111111115,scrapy/scrapy
scrapy,scrapy,4035,CLOSESPIDER_TIMEOUT Settings 36000 Invalid Settings 60 ok ?,closed,2019-09-25 02:27:34+00:00,2019-10-30 09:14:16+00:00,7,bug;needs more info,https://github.com/scrapy/scrapy/issues/4035,846.7783333333333,35.28243055555556,scrapy/scrapy
scrapy,scrapy,4032,Error 302 redirection with headers location starts with 3 slash,closed,2019-09-23 07:56:49+00:00,2019-10-30 08:09:13+00:00,8,bug,https://github.com/scrapy/scrapy/issues/4032,888.2066666666667,37.008611111111115,scrapy/scrapy
scrapy,scrapy,4027,Upgrading from 1.4 to 1.5 results in many 400 responses,closed,2019-09-19 06:30:27+00:00,2020-04-23 12:19:46+00:00,3,bug,https://github.com/scrapy/scrapy/issues/4027,5213.821944444445,217.24258101851854,scrapy/scrapy
scrapy,scrapy,4014,Random(?) test_crawler.py failure on Travis,closed,2019-09-13 14:49:40+00:00,2019-10-31 12:31:34+00:00,8,bug;CI,https://github.com/scrapy/scrapy/issues/4014,1149.6983333333333,47.90409722222222,scrapy/scrapy
scrapy,scrapy,4007,Exception when using DummyStatsCollector,closed,2019-09-09 12:18:03+00:00,2019-10-02 07:06:23+00:00,5,bug;discuss,https://github.com/scrapy/scrapy/issues/4007,546.8055555555555,22.783564814814813,scrapy/scrapy
scrapy,scrapy,3995,ImagesPipeline does not follow redirection,closed,2019-08-31 05:39:56+00:00,2019-09-27 14:32:27+00:00,2,bug,https://github.com/scrapy/scrapy/issues/3995,656.8752777777778,27.36980324074074,scrapy/scrapy
scrapy,scrapy,3985,Contracts can't be written for callbacks that receive cb_kwargs,closed,2019-08-28 19:11:27+00:00,2019-09-07 23:23:16+00:00,2,bug,https://github.com/scrapy/scrapy/issues/3985,244.19694444444445,10.174872685185186,scrapy/scrapy
scrapy,scrapy,3976,`ItemLoader` fields initialized from `item` are reprocessed,closed,2019-08-26 12:18:42+00:00,2019-10-28 09:53:54+00:00,9,bug,https://github.com/scrapy/scrapy/issues/3976,1509.5866666666666,62.89944444444444,scrapy/scrapy
scrapy,scrapy,3953,OSError when downloading a very long url,closed,2019-08-12 10:44:19+00:00,2019-09-16 12:04:07+00:00,9,bug;good first issue,https://github.com/scrapy/scrapy/issues/3953,841.33,35.055416666666666,scrapy/scrapy
