owner,repo,issue_number,closed_event_created_at,commit_id,commit_url,closed_by,closure_type
psf,requests,78,2011-07-24 02:35:50+00:00,c3c90bb09c9f4cd635ea28cbc784ee5f724bdab8,https://api.github.com/repos/psf/requests/commits/c3c90bb09c9f4cd635ea28cbc784ee5f724bdab8,kennethreitz,commit_linked
psf,requests,56,2011-07-24 02:55:20+00:00,,,kennethreitz,manual_or_unknown
psf,requests,291,2011-11-27 16:29:58+00:00,c7b99f78192bdff62fad4f92039396c0dfbe4fb8,https://api.github.com/repos/psf/requests/commits/c7b99f78192bdff62fad4f92039396c0dfbe4fb8,kennethreitz,commit_linked
psf,requests,296,2012-01-23 08:06:14+00:00,,,kennethreitz,manual_or_unknown
psf,requests,286,2012-01-30 06:15:36+00:00,,,benmao,manual_or_unknown
psf,requests,335,2012-03-09 16:58:39+00:00,,,kennethreitz,manual_or_unknown
psf,requests,338,2012-03-16 01:15:28+00:00,9cf9d76eb5af142f983efb776776b0888febc978,https://api.github.com/repos/psf/requests/commits/9cf9d76eb5af142f983efb776776b0888febc978,kennethreitz,commit_linked
psf,requests,293,2012-03-31 07:16:31+00:00,,,kennethreitz,manual_or_unknown
psf,requests,496,2012-04-06 01:45:25+00:00,,,spulec,manual_or_unknown
psf,requests,339,2012-04-12 22:53:39+00:00,,,samuelclay,manual_or_unknown
psf,requests,537,2012-05-04 01:49:58+00:00,,,slingamn,manual_or_unknown
psf,requests,539,2012-05-08 05:09:24+00:00,,,kennethreitz,manual_or_unknown
psf,requests,500,2012-05-10 22:05:42+00:00,,,kennethreitz,manual_or_unknown
psf,requests,605,2012-05-10 23:35:07+00:00,,,slingamn,manual_or_unknown
psf,requests,637,2012-06-15 18:32:14+00:00,,,kennethreitz,manual_or_unknown
psf,requests,458,2012-06-15 18:41:19+00:00,,,kennethreitz,manual_or_unknown
psf,requests,498,2012-07-27 05:29:28+00:00,,,kennethreitz,manual_or_unknown
psf,requests,649,2012-07-27 05:54:43+00:00,,,kennethreitz,manual_or_unknown
psf,requests,424,2012-07-27 06:00:53+00:00,,,kennethreitz,manual_or_unknown
psf,requests,353,2012-07-27 06:05:18+00:00,,,kennethreitz,manual_or_unknown
psf,requests,239,2012-07-27 06:07:41+00:00,,,kennethreitz,manual_or_unknown
psf,requests,606,2012-07-27 06:10:49+00:00,,,kennethreitz,manual_or_unknown
psf,requests,738,2012-07-27 06:11:43+00:00,,,kennethreitz,manual_or_unknown
psf,requests,602,2012-07-27 06:14:15+00:00,,,kennethreitz,manual_or_unknown
psf,requests,747,2012-08-04 15:39:39+00:00,,,kennethreitz,manual_or_unknown
psf,requests,520,2012-08-06 04:38:28+00:00,,,kennethreitz,manual_or_unknown
psf,requests,697,2012-08-13 21:14:51+00:00,,,Lukasa,manual_or_unknown
psf,requests,337,2012-08-25 15:09:13+00:00,,,kennethreitz,manual_or_unknown
psf,requests,862,2012-11-17 11:04:27+00:00,,,Lukasa,manual_or_unknown
psf,requests,771,2012-11-17 11:17:01+00:00,,,Lukasa,manual_or_unknown
psf,requests,223,2012-11-25 03:54:30+00:00,f003025a37f9d546570e52f7d355c6f5d1a81617,https://api.github.com/repos/psf/requests/commits/f003025a37f9d546570e52f7d355c6f5d1a81617,kennethreitz,commit_linked
psf,requests,627,2012-11-27 18:36:34+00:00,,,Lukasa,manual_or_unknown
psf,requests,875,2012-12-03 10:09:18+00:00,,,Lukasa,manual_or_unknown
psf,requests,1029,2012-12-18 02:51:40+00:00,,,gmr,manual_or_unknown
psf,requests,639,2012-12-18 20:15:20+00:00,,,kennethreitz,manual_or_unknown
psf,requests,1102,2013-01-17 10:53:19+00:00,,,kennethreitz,manual_or_unknown
psf,requests,851,2013-01-21 20:23:07+00:00,,,Lukasa,manual_or_unknown
psf,requests,1124,2013-02-10 22:37:55+00:00,,,kennethreitz,manual_or_unknown
psf,requests,1096,2013-02-10 22:55:13+00:00,,,kennethreitz,manual_or_unknown
psf,requests,1189,2013-02-17 01:17:07+00:00,,,Lukasa,manual_or_unknown
psf,requests,1261,2013-03-27 18:31:37+00:00,,,sigmavirus24,manual_or_unknown
psf,requests,1084,2013-03-31 05:21:52+00:00,88177ec33fa0846aea0ecb121ffbb041c5f09cdc,https://api.github.com/repos/psf/requests/commits/88177ec33fa0846aea0ecb121ffbb041c5f09cdc,sigmavirus24,commit_linked
psf,requests,910,2013-04-01 18:40:16+00:00,,,sigmavirus24,manual_or_unknown
psf,requests,1324,2013-04-26 10:57:36+00:00,,,sigmavirus24,manual_or_unknown
psf,requests,1335,2013-06-08 09:57:00+00:00,,,Lukasa,manual_or_unknown
psf,requests,1434,2013-06-26 07:38:03+00:00,,,Lukasa,manual_or_unknown
psf,requests,1336,2013-08-15 07:59:47+00:00,,,Lukasa,manual_or_unknown
psf,requests,1397,2013-08-17 06:35:52+00:00,,,Lukasa,manual_or_unknown
psf,requests,1630,2013-10-07 23:22:49+00:00,39fe0068aa657764778782ce4ca11d5e3ee08c66,https://api.github.com/repos/psf/requests/commits/39fe0068aa657764778782ce4ca11d5e3ee08c66,kennethreitz,commit_linked
psf,requests,1711,2013-12-04 01:33:34+00:00,2bbd7ba1c2c5a56c0957be64b5f94f6a4b0243ca,https://api.github.com/repos/psf/requests/commits/2bbd7ba1c2c5a56c0957be64b5f94f6a4b0243ca,kennethreitz,commit_linked
psf,requests,1655,2013-12-04 01:33:42+00:00,,,kennethreitz,manual_or_unknown
psf,requests,1767,2013-12-04 01:36:00+00:00,,,kennethreitz,manual_or_unknown
psf,requests,1755,2013-12-05 23:04:56+00:00,,,Lukasa,manual_or_unknown
psf,requests,1746,2013-12-05 23:05:08+00:00,,,Lukasa,manual_or_unknown
psf,requests,1732,2013-12-05 23:05:18+00:00,,,Lukasa,manual_or_unknown
psf,requests,1703,2013-12-05 23:05:28+00:00,,,Lukasa,manual_or_unknown
psf,requests,1642,2013-12-05 23:06:26+00:00,,,Lukasa,manual_or_unknown
psf,requests,2063,2014-05-28 08:06:33+00:00,,,Lukasa,manual_or_unknown
psf,requests,2144,2014-07-27 13:59:08+00:00,,,kennethreitz,manual_or_unknown
psf,requests,2169,2014-08-29 14:24:24+00:00,,,kennethreitz,manual_or_unknown
psf,requests,2250,2014-10-10 18:30:18+00:00,,,sigmavirus24,manual_or_unknown
pallets,flask,1173,2014-10-19 18:20:57+00:00,,,untitaker,manual_or_unknown
pallets,flask,1167,2014-10-19 18:23:11+00:00,,,untitaker,manual_or_unknown
psf,requests,2345,2014-11-30 19:12:43+00:00,,,kennethreitz,manual_or_unknown
psf,requests,1622,2015-01-19 09:25:49+00:00,,,Lukasa,manual_or_unknown
psf,requests,844,2015-01-19 09:29:14+00:00,,,Lukasa,manual_or_unknown
pallets,flask,1330,2015-01-29 09:24:38+00:00,,,KarelJakubec,manual_or_unknown
psf,requests,2336,2015-03-02 09:49:24+00:00,,,glaslos,manual_or_unknown
pallets,flask,1406,2015-03-29 17:16:25+00:00,,,untitaker,manual_or_unknown
psf,requests,2530,2015-04-06 21:54:22+00:00,,,Lukasa,manual_or_unknown
psf,requests,2540,2015-04-11 19:11:01+00:00,,,Lukasa,manual_or_unknown
psf,requests,2503,2015-05-03 15:06:00+00:00,,,Lukasa,manual_or_unknown
psf,requests,2229,2015-05-03 15:12:33+00:00,,,Lukasa,manual_or_unknown
psf,requests,2599,2015-05-14 06:15:18+00:00,,,Lukasa,manual_or_unknown
psf,requests,2455,2015-05-31 12:57:28+00:00,,,Lukasa,manual_or_unknown
psf,requests,2620,2015-06-02 20:53:50+00:00,,,jongiddy,manual_or_unknown
psf,requests,2255,2015-08-31 09:45:01+00:00,,,Lukasa,manual_or_unknown
psf,requests,1572,2015-10-05 14:09:46+00:00,,,Lukasa,manual_or_unknown
psf,requests,2756,2015-10-06 14:52:47+00:00,,,Lukasa,manual_or_unknown
psf,requests,2844,2015-10-23 12:24:36+00:00,,,Lukasa,manual_or_unknown
pallets,flask,1169,2015-11-07 09:15:11+00:00,,,untitaker,manual_or_unknown
psf,requests,2997,2016-02-05 22:53:55+00:00,,,kennethreitz,manual_or_unknown
psf,requests,2998,2016-02-10 08:46:49+00:00,,,Lukasa,manual_or_unknown
psf,requests,2935,2016-03-09 08:17:03+00:00,,,Lukasa,manual_or_unknown
psf,requests,3068,2016-03-28 15:35:07+00:00,,,Lukasa,manual_or_unknown
psf,requests,3090,2016-04-15 13:36:43+00:00,,,bodgit,manual_or_unknown
psf,requests,3028,2016-04-16 04:05:38+00:00,,,sigmavirus24,manual_or_unknown
psf,requests,1685,2016-04-16 04:18:33+00:00,,,sigmavirus24,manual_or_unknown
pallets,flask,1124,2016-05-26 19:29:49+00:00,,,mitsuhiko,manual_or_unknown
pallets,flask,1427,2016-06-03 16:17:04+00:00,,,b4stien,manual_or_unknown
pallets,flask,1893,2016-06-07 17:32:49+00:00,,,untitaker,manual_or_unknown
psf,requests,3009,2016-08-05 00:10:35+00:00,,,sigmavirus24,manual_or_unknown
psf,requests,3490,2016-08-12 19:57:40+00:00,,,sigmavirus24,manual_or_unknown
pallets,flask,1902,2016-08-22 18:53:45+00:00,,,untitaker,manual_or_unknown
psf,requests,3518,2016-08-25 12:45:16+00:00,,,Lukasa,manual_or_unknown
psf,requests,3481,2016-09-11 09:11:16+00:00,,,Lukasa,manual_or_unknown
pallets,flask,1980,2016-09-11 16:05:28+00:00,,,untitaker,manual_or_unknown
psf,requests,3578,2016-09-17 07:19:01+00:00,c12122970abd651d1d9a05aa2a9535a53a9c041f,https://api.github.com/repos/psf/requests/commits/c12122970abd651d1d9a05aa2a9535a53a9c041f,Lukasa,commit_linked
psf,requests,2707,2016-09-23 06:43:09+00:00,,,jayvdb,manual_or_unknown
psf,requests,3359,2016-09-24 17:01:11+00:00,,,Lukasa,manual_or_unknown
psf,requests,3597,2016-09-29 07:09:41+00:00,,,Lukasa,manual_or_unknown
psf,requests,3689,2016-11-16 10:33:48+00:00,,,Lukasa,manual_or_unknown
psf,requests,3696,2016-11-16 18:38:12+00:00,,,hussaintamboli,manual_or_unknown
psf,requests,3683,2016-11-30 15:07:22+00:00,,,Lukasa,manual_or_unknown
psf,requests,3066,2016-12-08 12:33:13+00:00,,,Lukasa,manual_or_unknown
psf,requests,2003,2016-12-17 17:00:49+00:00,,,Lukasa,manual_or_unknown
pallets,flask,2118,2016-12-26 02:51:24+00:00,789715adb9949f58b7b0272bed1a58d7cd0fad30,https://api.github.com/repos/pallets/flask/commits/789715adb9949f58b7b0272bed1a58d7cd0fad30,untitaker,commit_linked
pallets,flask,1829,2016-12-26 18:59:20+00:00,,,mitsuhiko,manual_or_unknown
psf,requests,1561,2017-01-09 16:17:38+00:00,,,Lukasa,manual_or_unknown
psf,requests,1648,2017-03-02 16:28:35+00:00,,,nateprewitt,manual_or_unknown
pallets,flask,2007,2017-05-14 05:13:57+00:00,c3d49e29ea42d2f468bc780c15683ca197b50d02,https://api.github.com/repos/pallets/flask/commits/c3d49e29ea42d2f468bc780c15683ca197b50d02,davidism,commit_linked
pallets,flask,2033,2017-05-16 00:11:35+00:00,,,davidism,manual_or_unknown
psf,requests,4030,2017-05-18 01:41:01+00:00,,,sigmavirus24,manual_or_unknown
pallets,flask,1911,2017-05-22 19:37:58+00:00,,,davidism,manual_or_unknown
pallets,flask,941,2017-05-23 19:55:33+00:00,,,jeffwidman,manual_or_unknown
pallets,flask,1995,2017-05-29 19:50:13+00:00,,,davidism,manual_or_unknown
pallets,flask,1877,2017-05-30 20:47:38+00:00,,,davidism,manual_or_unknown
pallets,flask,1837,2017-06-01 01:10:00+00:00,,,davidism,manual_or_unknown
pallets,flask,1348,2017-06-03 19:26:15+00:00,,,davidism,manual_or_unknown
pallets,flask,2267,2017-06-05 13:34:50+00:00,,,davidism,manual_or_unknown
pallets,flask,2526,2017-11-24 23:44:49+00:00,c52e1b7388c17466a551391cdf81964bf0b7aef0,https://api.github.com/repos/pallets/flask/commits/c52e1b7388c17466a551391cdf81964bf0b7aef0,ThiefMaster,commit_linked
psf,requests,4401,2017-11-27 21:52:45+00:00,,,Lukasa,manual_or_unknown
pallets,flask,2549,2017-12-11 18:17:42+00:00,,,davidism,manual_or_unknown
psf,requests,4275,2018-01-16 14:07:27+00:00,,,sigmavirus24,manual_or_unknown
psf,requests,4443,2018-01-21 18:53:24+00:00,,,nateprewitt,manual_or_unknown
psf,requests,1871,2018-02-24 14:55:18+00:00,,,sigmavirus24,manual_or_unknown
pallets,flask,2651,2018-04-09 10:00:42+00:00,,,davidism,manual_or_unknown
pallets,flask,2731,2018-04-27 19:47:01+00:00,,,davidism,manual_or_unknown
pallets,flask,2735,2018-04-28 14:01:55+00:00,,,davidism,manual_or_unknown
pallets,flask,2743,2018-04-30 00:55:44+00:00,,,davidism,manual_or_unknown
pallets,flask,2728,2018-04-30 01:27:34+00:00,,,davidism,manual_or_unknown
psf,requests,4748,2018-07-24 16:46:20+00:00,,,nateprewitt,manual_or_unknown
psf,requests,4716,2018-09-14 12:08:05+00:00,,,nateprewitt,manual_or_unknown
psf,requests,4746,2018-10-01 02:25:44+00:00,,,nateprewitt,manual_or_unknown
psf,requests,4649,2018-10-03 16:11:33+00:00,,,emmnx,manual_or_unknown
pallets,flask,3297,2019-07-10 19:42:59+00:00,,,davidism,manual_or_unknown
pallets,flask,3320,2019-08-01 19:56:41+00:00,,,davidism,manual_or_unknown
scrapy,scrapy,3985,2019-09-07 23:23:16+00:00,,,kmike,manual_or_unknown
scrapy,scrapy,3953,2019-09-16 12:04:07+00:00,,,Gallaecio,manual_or_unknown
scrapy,scrapy,3995,2019-09-27 14:32:27+00:00,,,rsarky,manual_or_unknown
scrapy,scrapy,4007,2019-10-02 07:06:23+00:00,,,kmike,manual_or_unknown
scrapy,scrapy,4076,2019-10-15 18:49:51+00:00,,,wRAR,manual_or_unknown
scrapy,scrapy,4072,2019-10-16 12:15:00+00:00,,,Gallaecio,manual_or_unknown
scrapy,scrapy,3976,2019-10-28 09:53:54+00:00,,,Gallaecio,manual_or_unknown
scrapy,scrapy,4032,2019-10-30 08:09:13+00:00,,,Gallaecio,manual_or_unknown
scrapy,scrapy,4035,2019-10-30 09:14:16+00:00,,,Gallaecio,manual_or_unknown
scrapy,scrapy,4014,2019-10-31 12:31:34+00:00,,,Gallaecio,manual_or_unknown
scrapy,scrapy,4124,2019-11-08 17:49:34+00:00,,,wRAR,manual_or_unknown
scrapy,scrapy,4145,2019-12-09 12:32:11+00:00,,,Gallaecio,manual_or_unknown
scrapy,scrapy,4229,2019-12-17 14:43:31+00:00,,,wRAR,manual_or_unknown
scrapy,scrapy,4264,2020-02-06 21:21:34+00:00,,,Gallaecio,manual_or_unknown
scrapy,scrapy,4260,2020-02-07 18:40:51+00:00,,,kmike,manual_or_unknown
scrapy,scrapy,4277,2020-02-10 18:48:32+00:00,,,Gallaecio,manual_or_unknown
scrapy,scrapy,4332,2020-02-19 15:49:20+00:00,,,Gallaecio,manual_or_unknown
scrapy,scrapy,4175,2020-02-25 19:46:06+00:00,,,wRAR,manual_or_unknown
scrapy,scrapy,4268,2020-02-28 12:17:03+00:00,,,Gallaecio,manual_or_unknown
scrapy,scrapy,4308,2020-02-28 19:42:08+00:00,,,kmike,manual_or_unknown
scrapy,scrapy,4408,2020-03-12 13:44:50+00:00,,,kmike,manual_or_unknown
scrapy,scrapy,4285,2020-04-03 02:27:47+00:00,,,elacuesta,manual_or_unknown
pallets,flask,3523,2020-04-03 12:42:51+00:00,,,scribu,manual_or_unknown
scrapy,scrapy,4289,2020-04-09 19:45:17+00:00,,,pwinzer,manual_or_unknown
scrapy,scrapy,4475,2020-04-15 17:42:50+00:00,,,kmike,manual_or_unknown
scrapy,scrapy,4496,2020-04-16 13:19:47+00:00,,,kmike,manual_or_unknown
scrapy,scrapy,4027,2020-04-23 12:19:46+00:00,,,Gallaecio,manual_or_unknown
scrapy,scrapy,4511,2020-04-27 17:45:19+00:00,,,Gallaecio,manual_or_unknown
scrapy,scrapy,4346,2020-05-07 09:06:12+00:00,,,Gallaecio,manual_or_unknown
scrapy,scrapy,4570,2020-05-13 21:02:04+00:00,,,Gallaecio,manual_or_unknown
scrapy,scrapy,4578,2020-05-19 15:45:21+00:00,,,kmike,manual_or_unknown
scrapy,scrapy,4510,2020-05-20 17:23:43+00:00,,,kmike,manual_or_unknown
scrapy,scrapy,4514,2020-05-22 18:12:59+00:00,,,kmike,manual_or_unknown
scrapy,scrapy,4597,2020-05-27 16:42:05+00:00,,,wRAR,manual_or_unknown
scrapy,scrapy,4592,2020-06-01 21:30:34+00:00,,,kmike,manual_or_unknown
scrapy,scrapy,4621,2020-06-17 15:08:15+00:00,,,Gallaecio,manual_or_unknown
scrapy,scrapy,4619,2020-06-23 10:33:49+00:00,,,wRAR,manual_or_unknown
scrapy,scrapy,4644,2020-06-25 13:36:44+00:00,,,kmike,manual_or_unknown
scrapy,scrapy,4662,2020-07-13 11:01:07+00:00,,,wRAR,manual_or_unknown
scrapy,scrapy,4667,2020-07-28 09:15:15+00:00,,,Gallaecio,manual_or_unknown
scrapy,scrapy,4393,2020-07-28 11:13:20+00:00,,,Gallaecio,manual_or_unknown
scrapy,scrapy,4702,2020-07-30 06:27:26+00:00,,,wRAR,manual_or_unknown
scrapy,scrapy,4547,2020-08-04 18:34:12+00:00,,,Gallaecio,manual_or_unknown
scrapy,scrapy,4671,2020-08-14 09:47:56+00:00,,,wRAR,manual_or_unknown
scrapy,scrapy,4726,2020-08-25 06:48:31+00:00,,,wRAR,manual_or_unknown
scrapy,scrapy,4760,2020-08-28 09:33:22+00:00,,,quochung-cyou,manual_or_unknown
scrapy,scrapy,4805,2020-10-01 18:46:15+00:00,,,kmike,manual_or_unknown
scrapy,scrapy,4643,2020-10-01 18:53:09+00:00,,,kmike,manual_or_unknown
scrapy,scrapy,4766,2020-10-02 18:38:14+00:00,,,Gallaecio,manual_or_unknown
scrapy,scrapy,4717,2020-10-08 15:20:33+00:00,,,wRAR,manual_or_unknown
scrapy,scrapy,4802,2020-10-20 08:55:08+00:00,,,wRAR,manual_or_unknown
scrapy,scrapy,4857,2020-11-04 21:29:37+00:00,,,Gallaecio,manual_or_unknown
scrapy,scrapy,4887,2020-11-16 14:38:00+00:00,,,elacuesta,manual_or_unknown
scrapy,scrapy,4841,2020-11-18 06:38:10+00:00,,,wRAR,manual_or_unknown
scrapy,scrapy,4893,2020-11-18 11:11:00+00:00,,,Gallaecio,manual_or_unknown
scrapy,scrapy,4907,2020-11-29 20:28:13+00:00,,,wRAR,manual_or_unknown
scrapy,scrapy,4892,2020-12-03 09:56:37+00:00,,,Gallaecio,manual_or_unknown
scrapy,scrapy,4920,2020-12-13 09:25:46+00:00,,,matsievskiysv,manual_or_unknown
pallets,flask,3776,2021-02-02 04:45:03+00:00,,,davidism,manual_or_unknown
scrapy,scrapy,4829,2021-02-24 20:50:00+00:00,,,kmike,manual_or_unknown
scrapy,scrapy,5020,2021-03-19 17:39:44+00:00,,,Gallaecio,manual_or_unknown
scrapy,scrapy,4477,2021-03-22 14:51:12+00:00,,,elacuesta,manual_or_unknown
scrapy,scrapy,5085,2021-04-14 17:02:00+00:00,,,wRAR,manual_or_unknown
scrapy,scrapy,5080,2021-04-21 09:30:50+00:00,,,wRAR,manual_or_unknown
scrapy,scrapy,5105,2021-04-26 18:09:23+00:00,,,Gallaecio,manual_or_unknown
pallets,flask,4037,2021-05-13 22:27:48+00:00,,,davidism,manual_or_unknown
scrapy,scrapy,5180,2021-06-29 12:54:23+00:00,,,wRAR,manual_or_unknown
scrapy,scrapy,5079,2021-07-13 16:27:56+00:00,,,Gallaecio,manual_or_unknown
scrapy,scrapy,5157,2021-08-05 19:23:12+00:00,,,Gallaecio,manual_or_unknown
psf,requests,4986,2021-08-07 02:26:11+00:00,,,nateprewitt,manual_or_unknown
scrapy,scrapy,5212,2021-08-11 09:19:51+00:00,,,wRAR,manual_or_unknown
scrapy,scrapy,4665,2021-08-24 07:18:49+00:00,,,wRAR,manual_or_unknown
psf,requests,5921,2021-09-04 21:37:49+00:00,,,nateprewitt,manual_or_unknown
psf,requests,2949,2021-09-08 22:43:04+00:00,,,sigmavirus24,manual_or_unknown
scrapy,scrapy,5237,2021-10-01 07:50:42+00:00,,,Gallaecio,manual_or_unknown
scrapy,scrapy,5273,2021-10-12 17:20:09+00:00,,,Gallaecio,manual_or_unknown
scrapy,scrapy,5298,2021-11-04 14:00:15+00:00,,,wRAR,manual_or_unknown
pallets,flask,4295,2021-11-15 21:37:50+00:00,,,davidism,manual_or_unknown
psf,requests,5888,2021-11-24 19:28:59+00:00,,,nateprewitt,manual_or_unknown
psf,requests,2228,2021-11-28 03:00:28+00:00,,,sethmlarson,manual_or_unknown
scrapy,scrapy,5319,2021-12-21 12:49:32+00:00,,,wRAR,manual_or_unknown
pallets,flask,4355,2021-12-23 00:36:53+00:00,,,davidism,manual_or_unknown
psf,requests,4362,2021-12-29 02:32:57+00:00,,,nateprewitt,manual_or_unknown
psf,requests,5855,2021-12-30 21:36:55+00:00,,,nateprewitt,manual_or_unknown
psf,requests,5891,2021-12-30 21:40:47+00:00,,,nateprewitt,manual_or_unknown
scrapy,scrapy,4976,2021-12-31 19:38:10+00:00,,,Gallaecio,manual_or_unknown
psf,requests,6027,2022-01-04 16:04:26+00:00,,,sigmavirus24,manual_or_unknown
scrapy,scrapy,4485,2022-01-06 06:32:00+00:00,,,wRAR,manual_or_unknown
scrapy,scrapy,4962,2022-01-28 17:30:30+00:00,,,elacuesta,manual_or_unknown
scrapy,scrapy,5383,2022-02-04 08:57:58+00:00,,,Gallaecio,manual_or_unknown
scrapy,scrapy,5391,2022-02-08 13:57:19+00:00,,,Gallaecio,manual_or_unknown
scrapy,scrapy,5400,2022-02-08 19:06:25+00:00,,,wRAR,manual_or_unknown
scrapy,scrapy,5404,2022-02-10 09:50:12+00:00,,,Gallaecio,manual_or_unknown
scrapy,scrapy,5414,2022-02-14 18:16:53+00:00,,,Gallaecio,manual_or_unknown
scrapy,scrapy,5425,2022-02-23 18:52:18+00:00,,,Gallaecio,manual_or_unknown
scrapy,scrapy,5286,2022-03-08 09:22:57+00:00,,,Gallaecio,manual_or_unknown
scrapy,scrapy,5444,2022-03-15 10:31:07+00:00,,,Gallaecio,manual_or_unknown
pallets,flask,4297,2022-03-15 15:37:18+00:00,,,davidism,manual_or_unknown
scrapy,scrapy,5435,2022-04-07 15:00:09+00:00,,,Gallaecio,manual_or_unknown
scrapy,scrapy,5437,2022-04-08 09:55:06+00:00,,,Gallaecio,manual_or_unknown
scrapy,scrapy,5464,2022-04-13 17:17:45+00:00,,,Gallaecio,manual_or_unknown
psf,requests,6104,2022-06-01 17:38:01+00:00,,,nateprewitt,manual_or_unknown
scrapy,scrapy,4762,2022-06-07 16:44:55+00:00,,,Gallaecio,manual_or_unknown
scrapy,scrapy,5515,2022-06-27 18:03:01+00:00,,,kmike,manual_or_unknown
scrapy,scrapy,5612,2022-09-07 07:58:12+00:00,,,Gallaecio,manual_or_unknown
scrapy,scrapy,5602,2022-10-02 19:19:09+00:00,,,kmike,manual_or_unknown
scrapy,scrapy,5424,2022-10-15 08:11:07+00:00,,,Gallaecio,manual_or_unknown
scrapy,scrapy,5323,2022-10-26 07:47:10+00:00,,,wRAR,manual_or_unknown
scrapy,scrapy,5685,2022-10-27 12:02:13+00:00,,,Gallaecio,manual_or_unknown
scrapy,scrapy,5709,2022-11-10 14:38:48+00:00,,,Gallaecio,manual_or_unknown
scrapy,scrapy,5750,2022-12-12 18:49:25+00:00,,,wRAR,manual_or_unknown
scrapy,scrapy,5740,2022-12-15 05:22:02+00:00,,,wRAR,manual_or_unknown
scrapy,scrapy,5762,2023-01-02 15:13:46+00:00,,,wRAR,manual_or_unknown
scrapy,scrapy,5765,2023-01-06 18:51:09+00:00,,,Gallaecio,manual_or_unknown
scrapy,scrapy,5749,2023-01-06 18:53:21+00:00,,,Gallaecio,manual_or_unknown
scrapy,scrapy,5785,2023-01-07 19:48:41+00:00,,,wRAR,manual_or_unknown
scrapy,scrapy,5386,2023-01-19 18:45:00+00:00,,,Gallaecio,manual_or_unknown
scrapy,scrapy,4763,2023-01-29 21:23:47+00:00,,,wRAR,manual_or_unknown
scrapy,scrapy,5825,2023-02-14 08:40:40+00:00,,,Gallaecio,manual_or_unknown
scrapy,scrapy,5811,2023-03-07 09:27:01+00:00,,,Gallaecio,manual_or_unknown
scrapy,scrapy,5819,2023-03-10 15:20:17+00:00,,,Gallaecio,manual_or_unknown
scrapy,scrapy,5831,2023-03-14 08:31:15+00:00,,,Gallaecio,manual_or_unknown
scrapy,scrapy,5857,2023-03-27 10:44:46+00:00,,,Gallaecio,manual_or_unknown
scrapy,scrapy,5875,2023-03-28 10:05:49+00:00,,,wRAR,manual_or_unknown
scrapy,scrapy,5878,2023-03-29 08:06:10+00:00,,,wRAR,manual_or_unknown
scrapy,scrapy,5500,2023-04-11 11:06:14+00:00,,,wRAR,manual_or_unknown
scrapy,scrapy,5874,2023-04-11 16:25:43+00:00,,,Gallaecio,manual_or_unknown
scrapy,scrapy,5872,2023-04-13 09:44:22+00:00,,,Gallaecio,manual_or_unknown
scrapy,scrapy,5886,2023-05-02 19:05:32+00:00,,,wRAR,manual_or_unknown
scrapy,scrapy,5043,2023-06-13 14:14:29+00:00,,,wRAR,manual_or_unknown
scrapy,scrapy,5707,2023-06-21 18:05:41+00:00,,,Gallaecio,manual_or_unknown
scrapy,scrapy,5959,2023-06-24 14:23:19+00:00,,,wRAR,manual_or_unknown
scrapy,scrapy,5933,2023-06-25 09:41:24+00:00,,,wRAR,manual_or_unknown
scrapy,scrapy,5992,2023-08-01 18:19:00+00:00,,,wRAR,manual_or_unknown
scrapy,scrapy,5957,2023-08-08 17:19:15+00:00,,,wRAR,manual_or_unknown
scrapy,scrapy,6008,2023-08-10 11:48:45+00:00,,,Gallaecio,manual_or_unknown
scrapy,scrapy,5096,2023-09-07 05:47:44+00:00,,,Gallaecio,manual_or_unknown
scrapy,scrapy,6044,2023-09-12 14:18:27+00:00,,,Gallaecio,manual_or_unknown
scrapy,scrapy,6056,2023-09-22 08:12:22+00:00,,,Gallaecio,manual_or_unknown
scrapy,scrapy,5936,2023-10-02 16:40:28+00:00,,,wRAR,manual_or_unknown
psf,requests,6544,2023-10-06 22:34:25+00:00,,,nateprewitt,manual_or_unknown
scrapy,scrapy,6024,2023-10-17 13:08:25+00:00,,,wRAR,manual_or_unknown
scrapy,scrapy,5989,2023-10-17 17:07:14+00:00,,,Gallaecio,manual_or_unknown
scrapy,scrapy,5154,2023-10-29 17:06:14+00:00,,,wRAR,manual_or_unknown
scrapy,scrapy,6121,2023-10-31 13:37:27+00:00,,,wRAR,manual_or_unknown
scrapy,scrapy,6160,2024-01-05 20:04:07+00:00,,,wRAR,manual_or_unknown
scrapy,scrapy,5454,2024-01-12 10:26:41+00:00,,,wRAR,manual_or_unknown
scrapy,scrapy,6204,2024-01-12 17:50:43+00:00,,,kmike,manual_or_unknown
scrapy,scrapy,6214,2024-02-02 13:54:05+00:00,,,wRAR,manual_or_unknown
scrapy,scrapy,6207,2024-02-05 11:52:03+00:00,,,Gallaecio,manual_or_unknown
scrapy,scrapy,4833,2024-02-14 19:21:06+00:00,,,Gallaecio,manual_or_unknown
scrapy,scrapy,5932,2024-02-21 13:27:43+00:00,,,Gallaecio,manual_or_unknown
scrapy,scrapy,6258,2024-02-29 12:12:02+00:00,,,wRAR,manual_or_unknown
scrapy,scrapy,6286,2024-03-12 09:17:11+00:00,,,wRAR,manual_or_unknown
scrapy,scrapy,6292,2024-04-05 08:49:12+00:00,,,wRAR,manual_or_unknown
scrapy,scrapy,6308,2024-04-08 09:47:55+00:00,,,Gallaecio,manual_or_unknown
scrapy,scrapy,6307,2024-04-29 14:28:01+00:00,,,culpgrant,manual_or_unknown
scrapy,scrapy,6342,2024-05-10 07:47:41+00:00,,,wRAR,manual_or_unknown
scrapy,scrapy,6343,2024-05-10 09:43:50+00:00,,,Gallaecio,manual_or_unknown
psf,requests,4392,2024-05-19 18:59:48+00:00,,,sethmlarson,manual_or_unknown
psf,requests,4592,2024-05-19 19:10:14+00:00,,,sethmlarson,manual_or_unknown
psf,requests,2925,2024-05-20 14:35:55+00:00,,,sethmlarson,manual_or_unknown
psf,requests,2708,2024-05-20 14:36:16+00:00,,,sethmlarson,manual_or_unknown
scrapy,scrapy,6361,2024-05-27 10:36:35+00:00,,,wRAR,manual_or_unknown
scrapy,scrapy,6365,2024-05-28 08:43:00+00:00,,,Gallaecio,manual_or_unknown
scrapy,scrapy,6383,2024-06-05 04:34:47+00:00,,,Gallaecio,manual_or_unknown
scrapy,scrapy,6328,2024-06-06 05:55:57+00:00,,,wRAR,manual_or_unknown
scrapy,scrapy,5306,2024-10-16 19:32:31+00:00,,,wRAR,manual_or_unknown
scrapy,scrapy,5032,2024-10-16 19:55:11+00:00,,,wRAR,manual_or_unknown
scrapy,scrapy,6504,2024-10-29 18:08:39+00:00,,,Gallaecio,manual_or_unknown
scrapy,scrapy,6505,2024-11-14 19:48:08+00:00,,,wRAR,manual_or_unknown
scrapy,scrapy,6593,2025-01-07 09:40:51+00:00,,,Gallaecio,manual_or_unknown
scrapy,scrapy,5402,2025-01-08 11:00:07+00:00,,,wRAR,manual_or_unknown
scrapy,scrapy,5220,2025-01-14 11:44:44+00:00,,,Laerte,manual_or_unknown
scrapy,scrapy,6600,2025-01-14 15:40:25+00:00,,,Gallaecio,manual_or_unknown
scrapy,scrapy,6619,2025-01-22 11:14:34+00:00,,,wRAR,manual_or_unknown
scrapy,scrapy,6617,2025-01-23 16:06:47+00:00,,,wRAR,manual_or_unknown
scrapy,scrapy,6632,2025-01-27 10:21:32+00:00,,,Gallaecio,manual_or_unknown
scrapy,scrapy,6450,2025-01-28 09:29:49+00:00,,,wRAR,manual_or_unknown
scrapy,scrapy,6644,2025-02-04 12:49:23+00:00,,,wRAR,manual_or_unknown
scrapy,scrapy,6636,2025-02-06 10:47:41+00:00,,,wRAR,manual_or_unknown
scrapy,scrapy,6665,2025-02-14 15:40:07+00:00,,,wRAR,manual_or_unknown
scrapy,scrapy,6812,2025-05-20 05:51:32+00:00,,,Gallaecio,manual_or_unknown
scrapy,scrapy,6861,2025-06-05 13:02:32+00:00,,,wRAR,manual_or_unknown
scrapy,scrapy,6857,2025-06-06 11:02:16+00:00,,,Gallaecio,manual_or_unknown
scrapy,scrapy,6878,2025-06-09 07:53:44+00:00,,,Gallaecio,manual_or_unknown
scrapy,scrapy,6894,2025-06-23 16:56:30+00:00,,,Gallaecio,manual_or_unknown
scrapy,scrapy,6784,2025-06-23 17:36:55+00:00,,,Gallaecio,manual_or_unknown
scrapy,scrapy,6783,2025-06-23 17:36:56+00:00,,,Gallaecio,manual_or_unknown
scrapy,scrapy,6908,2025-07-01 12:24:10+00:00,,,wRAR,manual_or_unknown
scrapy,scrapy,6834,2025-07-02 19:35:59+00:00,,,wRAR,manual_or_unknown
scrapy,scrapy,6972,2025-07-28 18:37:47+00:00,,,Gallaecio,manual_or_unknown
scrapy,scrapy,6915,2025-08-01 09:01:42+00:00,,,Gallaecio,manual_or_unknown
scrapy,scrapy,7003,2025-08-18 15:00:24+00:00,,,wRAR,manual_or_unknown
scrapy,scrapy,7042,2025-09-10 13:17:18+00:00,,,Gallaecio,manual_or_unknown
scrapy,scrapy,7057,2025-09-29 08:41:24+00:00,,,wRAR,manual_or_unknown
scrapy,scrapy,6996,2025-10-06 09:19:36+00:00,,,Gallaecio,manual_or_unknown
scrapy,scrapy,6876,2025-10-09 20:14:35+00:00,4865a500b62fada0be245b9201339cc3d093c6d2,https://api.github.com/repos/scrapy/scrapy/commits/4865a500b62fada0be245b9201339cc3d093c6d2,Gallaecio,commit_linked
scrapy,scrapy,6195,2025-10-15 14:15:09+00:00,,,wRAR,manual_or_unknown
scrapy,scrapy,6350,2025-12-05 17:03:23+00:00,,,wRAR,manual_or_unknown
scrapy,scrapy,7158,2026-01-05 11:55:59+00:00,,,wRAR,manual_or_unknown
scrapy,scrapy,6398,2026-02-10 08:49:11+00:00,,,Gallaecio,manual_or_unknown
scrapy,scrapy,7060,2026-02-13 08:45:11+00:00,,,Gallaecio,manual_or_unknown
scrapy,scrapy,6820,2026-02-19 10:22:01+00:00,,,Gallaecio,manual_or_unknown
scrapy,scrapy,6369,2026-03-24 09:52:58+00:00,,,AdrianAtZyte,manual_or_unknown
scrapy,scrapy,5961,2026-03-27 18:46:20+00:00,,,wRAR,manual_or_unknown
scrapy,scrapy,5379,2026-04-14 15:13:23+00:00,,,wRAR,manual_or_unknown
scrapy,scrapy,6859,2026-04-22 09:01:57+00:00,,,wRAR,manual_or_unknown
scrapy,scrapy,7426,2026-04-22 14:00:42+00:00,,,wRAR,manual_or_unknown
scrapy,scrapy,7445,2026-04-22 14:01:04+00:00,,,wRAR,manual_or_unknown
scrapy,scrapy,4217,2026-05-02 21:11:44+00:00,,,wRAR,manual_or_unknown
scrapy,scrapy,5990,2026-06-09 08:40:02+00:00,,,wRAR,manual_or_unknown
scrapy,scrapy,7552,2026-06-10 19:59:04+00:00,,,wRAR,manual_or_unknown
scrapy,scrapy,7604,2026-06-15 06:41:57+00:00,,,AdrianAtZyte,manual_or_unknown
scrapy,scrapy,7597,2026-06-15 19:24:46+00:00,,,wRAR,manual_or_unknown
scrapy,scrapy,7601,2026-06-17 09:56:24+00:00,,,AdrianAtZyte,manual_or_unknown
scrapy,scrapy,7626,2026-06-19 04:49:34+00:00,,,AdrianAtZyte,manual_or_unknown
